Position.x,Name,Weight.x,Converted_Height,Converted_Arm,Converted_Hand,Converted_Vertical,Converted_Broad,Source_File,Link,Height,Weight.y,Dash40,Shuttle20,Vertical,Position.y,SPARQ,Power_Throw
QB,Teddy Bridgewater,214,74.125,33,9.25,30,113,63,https://www.espn.com/college-sports/football/recruiting/player/_/id/90920/teddy-bridgewater,74,179,4.88,4.13,31.5,qb,NA,NA
QB,Teddy Bridgewater,214,74.125,33,9.25,30,113,70,https://www.espn.com/college-sports/football/recruiting/player/_/id/90920/teddy-bridgewater,74,179,4.88,4.13,31.5,qb,NA,NA
RB,Kapri Bibbs,212,69.375,31.375,8.5,29,106,77,https://www.espn.com/college-sports/football/recruiting/player/_/id/108030/kapri-bibbs,70,194,4.63,4.44,33.5,rb,NA,NA
RB,Jeremy Hill,233,72.625,32.625,10.375,29.5,113,77,https://www.espn.com/college-sports/football/recruiting/player/_/id/101252/jeremy-hill,73,224,4.8,4.5,28,rb,NA,NA
RB,Bishop Sankey,209,69.5,31,10,35.5,126,77,https://www.espn.com/college-sports/football/recruiting/player/_/id/101260/bishop-sankey,69,185,4.51,4.03,31.5,rb,NA,NA
WO,Mike Davis,197,72,32.75,10,NA,NA,78,https://www.espn.com/college-sports/football/recruiting/player/_/id/123954/mike-davis,70,200,4.62,4.02,36.8,rb,NA,NA
TE,A.C. Leonard,252,74.375,33,9.25,34,128,1,https://www.espn.com/college-sports/football/recruiting/player/_/id/85823/ac-leonard,75,232,4.7,4.47,42,at,NA,NA
DL,Chris Smith,266,73,34.125,9.5,37,121,13,https://www.espn.com/college-sports/football/recruiting/player/_/id/196859/chris-smith,71,170,4.84,4.37,31.8,cb,70.26,NA
LB,Ryan Shazier,237,73,32.375,10,42,130,49,https://www.espn.com/college-sports/football/recruiting/player/_/id/90479/ryan-shazier,74,205,4.44,4.56,38,ol,NA,NA
DB,Vinnie Sunseri,210,71,30,10,NA,NA,49,https://www.espn.com/college-sports/football/recruiting/player/_/id/99119/vinnie-sunseri,71,202,4.56,4.16,29.5,ol,NA,NA
RB,David Cobb,229,71,31.625,9.375,38.5,121,77,https://www.espn.com/college-sports/football/recruiting/player/_/id/105400/david-cobb,71,208,4.75,4.29,35,rb,NA,NA
RB,Mike Davis,217,69.125,30.25,9.375,34,116,78,https://www.espn.com/college-sports/football/recruiting/player/_/id/123954/mike-davis,70,200,4.62,4.02,36.8,rb,NA,NA
RB,Melvin Gordon,215,72.625,32.375,9.75,35,126,1,https://www.espn.com/college-sports/football/recruiting/player/_/id/88069/melvin-gordon,72,182,4.52,4.31,40.2,at,NA,NA
RB,Matt Jones,231,74.375,32,8.625,31.5,112,46,https://www.espn.com/college-sports/football/recruiting/player/_/id/185506/matt-jones,75,314,5.95,5,19,og,NA,NA
RB,Matt Jones,231,74.375,32,8.625,31.5,112,78,https://www.espn.com/college-sports/football/recruiting/player/_/id/105633/matt-jones,75,210,4.72,NA,24,rb,NA,NA
RB,Thomas Rawls,215,69,30.75,9.5,35.5,116,77,https://www.espn.com/college-sports/football/recruiting/player/_/id/108056/thomas-rawls,70,215,4.7,4.69,31.7,rb,NA,NA
RB,Trey Williams,195,67.5,29.875,8.25,33.5,119,78,https://www.espn.com/college-sports/football/recruiting/player/_/id/110306/trey-williams,68,180,4.37,4.38,35.5,rb,NA,NA
WO,Nelson Agholor,198,72.125,32.25,9.25,NA,NA,103,https://www.espn.com/college-sports/football/recruiting/player/_/id/116761/nelson-agholor,73,180,4.59,4.56,29.5,wr,NA,NA
WO,Chris Conley,213,73.875,33.75,9.875,45,139,102,https://www.espn.com/college-sports/football/recruiting/player/_/id/89331/chris-conley,75,191,4.51,4.4,38.1,wr,NA,NA
WO,DaVaris Daniels,201,73.5,31.25,9,37,122,102,https://www.espn.com/college-sports/football/recruiting/player/_/id/87760/davaris-daniels,74,164,4.67,4.27,41.5,wr,NA,NA
WO,Titus Davis,196,72.75,29.625,8.25,32.5,119,25,https://www.espn.com/college-sports/football/recruiting/player/_/id/177564/titus-davis,75,228,5.28,4.69,24.7,dl,53.43,NA
WO,Stefon Diggs,195,72,31.25,10,35,115,2,https://www.espn.com/college-sports/football/recruiting/player/_/id/113715/stefon-diggs,72,185,4.45,4.29,31.5,at,NA,NA
WO,Phillip Dorsett,185,69.375,30.25,9.375,37,122,102,https://www.espn.com/college-sports/football/recruiting/player/_/id/81870/phillip-dorsett,69,167,4.43,4.28,36.5,wr,NA,NA
WO,Rashad Greene,182,71.375,31.625,9,36.5,122,102,https://www.espn.com/college-sports/football/recruiting/player/_/id/101467/rashad-greene,72,170,4.42,4.16,41,wr,NA,NA
WO,Darren Waller,238,78.125,33.25,9,37,125,84,https://www.espn.com/college-sports/football/recruiting/player/_/id/110610/darren-waller,76,203,4.4,4.5,36.5,s_,NA,NA
TE,Jesse James,261,79,33,9.375,37.5,121,96,https://www.espn.com/college-sports/football/recruiting/player/_/id/112672/jesse-james,80,243,4.88,4.5,27.9,ti,NA,NA
OL,La'El Collins,305,76.5,33.25,10.375,27,108,56,https://www.espn.com/college-sports/football/recruiting/player/_/id/101242/lael-collins,77,281,5.37,4.89,24,ot,NA,NA
OL,Ereck Flowers,329,78.25,34.5,9.875,NA,NA,57,https://www.espn.com/college-sports/football/recruiting/player/_/id/128073/ereck-flowers,78,295,5.52,5.14,19.6,ot,NA,NA
OL,D.J. Humphries,307,77,33.625,10,31,104,57,https://www.espn.com/college-sports/football/recruiting/player/_/id/112961/dj-humphries,78,275,5.17,4.88,27.6,ot,NA,NA
DL,Joey Mbu,313,74.875,35,9.25,22.5,97,28,https://www.espn.com/college-sports/football/recruiting/player/_/id/112890/joey-mbu,75,299,5.66,5.6,24.9,dt,NA,NA
DL,Ellis McCarthy,338,76.625,34.125,9.875,32,109,29,https://www.espn.com/college-sports/football/recruiting/player/_/id/94266/ellis-mccarthy,76,305,5.11,4.77,28.1,dt,NA,NA
DL,Darius Philon,298,73.375,32.375,9.5,31,107,29,https://www.espn.com/college-sports/football/recruiting/player/_/id/116744/darius-philon,73,263,4.93,4.63,26.3,dt,NA,NA
LB,Kwon Alexander,227,72.75,30.25,9.25,36,121,50,https://www.espn.com/college-sports/football/recruiting/player/_/id/115780/kwon-alexander,74,215,4.51,4.2,33.8,ol,NA,NA
LB,Amarlo Herrera,244,72.625,32.75,9.625,32,111,49,https://www.espn.com/college-sports/football/recruiting/player/_/id/104419/amarlo-herrera,73,224,4.74,4.42,27.5,ol,NA,NA
LB,Shaq Thompson,228,72.125,33,9.5,33.5,117,85,https://www.espn.com/college-sports/football/recruiting/player/_/id/115108/shaq-thompson,74,210,4.57,4.21,30,s_,NA,NA
DB,Adrian Amos,218,72.5,32.25,9.125,35.5,122,84,https://www.espn.com/college-sports/football/recruiting/player/_/id/104094/adrian-amos,71,190,4.8,4.1,35.8,s_,NA,NA
DB,Alex Carter,196,72.125,32.125,9.125,40,121,2,https://www.espn.com/college-sports/football/recruiting/player/_/id/116961/alex-carter,73,190,4.42,4,38.4,at,NA,NA
DB,Landon Collins,228,72,31.5,9.375,35,120,85,https://www.espn.com/college-sports/football/recruiting/player/_/id/115402/landon-collins,72,210,4.39,4.46,43.6,s_,NA,NA
DB,Ronald Darby,193,70.625,31.375,8.625,41.5,129,9,https://www.espn.com/college-sports/football/recruiting/player/_/id/92070/ronald-darby,71,176,4.31,4.28,36,cb,NA,NA
DB,Doran Grant,200,70.25,30.25,9.375,33,116,8,https://www.espn.com/college-sports/football/recruiting/player/_/id/87243/doran-grant,71,177,4.56,3.97,41.2,cb,NA,NA
DB,Gerod Holliman,218,72,32,9.5,NA,NA,84,https://www.espn.com/college-sports/football/recruiting/player/_/id/105281/gerod-holliman,72,188,4.65,4.27,23.5,s_,NA,NA
DB,Kyshoen Jarrett,200,69.875,31,9.75,33,109,8,https://www.espn.com/college-sports/football/recruiting/player/_/id/86693/kyshoen-jarrett,71,184,4.6,4.61,27,cb,NA,NA
DB,James Sample,209,74.125,32,9.5,32.5,123,49,https://www.espn.com/college-sports/football/recruiting/player/_/id/105273/james-sample,75,195,4.65,4.65,30.1,ol,NA,NA
DB,Trae Waynes,186,72.125,31,8.25,38,122,84,https://www.espn.com/college-sports/football/recruiting/player/_/id/105413/trae-waynes,71,158,4.33,4.45,33,s_,NA,NA
DB,P.J. Williams,194,72,31,8.625,40,132,85,https://www.espn.com/college-sports/football/recruiting/player/_/id/109442/pj-williams,72,180,4.46,4.31,39.6,s_,NA,NA
QB,Jeff Driskel,234,76,33.5,9.75,32,122,63,https://www.espn.com/college-sports/football/recruiting/player/_/id/84800/jeff-driskel,76,224,4.54,4.34,26.5,qb,NA,NA
QB,Jeff Driskel,234,76,33.5,9.75,32,122,70,https://www.espn.com/college-sports/football/recruiting/player/_/id/84800/jeff-driskel,76,224,4.54,4.34,26.5,qb,NA,NA
QB,Christian Hackenberg,223,76.375,32,9,31,114,72,https://www.espn.com/college-sports/football/recruiting/player/_/id/142578/christian-hackenberg,76,212,4.84,4.34,30.1,qb,NA,NA
RB,Peyton Barber,228,70,30.25,9.375,32.5,111,79,https://www.espn.com/college-sports/football/recruiting/player/_/id/134494/peyton-barber,70,210,4.71,4.25,30.9,rb,NA,NA
RB,Kenyan Drake,210,72.625,31.75,9.75,34.5,123,78,https://www.espn.com/college-sports/football/recruiting/player/_/id/110650/kenyan-drake,73,195,4.52,4.18,38.4,rb,NA,NA
RB,Derrick Henry,247,74.5,33,8.75,37,130,3,https://www.espn.com/college-sports/football/recruiting/player/_/id/108717/derrick-henry,75,243,4.72,4.47,37.5,at,NA,NA
RB,Keith Marshall,219,71.375,31.625,9.375,30.5,NA,78,https://www.espn.com/college-sports/football/recruiting/player/_/id/83941/keith-marshall,71,190,4.43,NA,33.8,rb,NA,NA
RB,Kelvin Taylor,207,70.25,29.25,8.25,32,113,79,https://www.espn.com/college-sports/football/recruiting/player/_/id/90971/kelvin-taylor,71,216,4.63,4.59,31,rb,NA,NA
RB,DeAndre Washington,204,68.25,30,9,34.5,118,1,https://www.espn.com/college-sports/football/recruiting/player/_/id/98606/deandre-washington,68,190,4.61,4.19,34.5,at,NA,NA
RB,Brandon Wilds,220,72.75,32,10.25,36.5,118,77,https://www.espn.com/college-sports/football/recruiting/player/_/id/84022/brandon-wilds,73,220,4.64,4.31,34,rb,NA,NA
WO,Bralon Addison,197,69.25,29.5,9.125,34.5,116,103,https://www.espn.com/college-sports/football/recruiting/player/_/id/110721/bralon-addison,70,185,4.63,3.93,31.2,wr,NA,NA
WO,Chris Brown,194,74,32.25,9,NA,NA,89,https://www.espn.com/college-sports/football/recruiting/player/_/id/197330/chris-brown,71,183,4.6,4.47,35.7,s_,NA,NA
WO,Chris Brown,194,74,32.25,9,NA,NA,103,https://www.espn.com/college-sports/football/recruiting/player/_/id/128181/chris-brown,74,170,4.44,4.48,33.5,wr,NA,NA
WO,Corey Coleman,194,70.625,30.25,9,40.5,129,2,https://www.espn.com/college-sports/football/recruiting/player/_/id/110286/corey-coleman,71,175,4.41,3.8,37.6,at,NA,NA
WO,Pharoh Cooper,203,71.125,32.25,9.125,31,115,3,https://www.espn.com/college-sports/football/recruiting/player/_/id/150650/pharoh-cooper,71,181,4.75,4.35,30.2,at,76.23,NA
WO,Cayleb Jones,209,74.625,32.75,9.25,33.5,NA,103,https://www.espn.com/college-sports/football/recruiting/player/_/id/98598/cayleb-jones,74,195,4.69,4.13,29,wr,NA,NA
WO,Kenny Lawler,203,74.5,33.375,10.5,31,111,103,https://www.espn.com/college-sports/football/recruiting/player/_/id/111661/kenny-lawler,75,175,4.75,4.39,30.7,wr,NA,NA
WO,Kolby Listenbee,197,72,31.375,8.25,35.5,129,2,https://www.espn.com/college-sports/football/recruiting/player/_/id/93685/kolby-listenbee,72,166,4.44,4.11,36.1,at,NA,NA
WO,Ricardo Louis,215,74,32.375,9.5,38,132,2,https://www.espn.com/college-sports/football/recruiting/player/_/id/106054/ricardo-louis,74,200,4.55,4.25,40.1,at,NA,NA
WO,Jalin Marshall,200,70.5,31.5,9.625,37.5,125,104,https://www.espn.com/college-sports/football/recruiting/player/_/id/140432/jalin-marshall,71,196,4.66,4.13,38.2,wr,NA,NA
TE,David Grinnage,248,77.25,34.5,10.125,29.5,106,96,https://www.espn.com/college-sports/football/recruiting/player/_/id/129091/david-grinnage,77,238,5.18,5,28.7,ti,NA,NA
OL,Vadal Alexander,326,77.25,35.25,10.5,24,95,43,https://www.espn.com/college-sports/football/recruiting/player/_/id/116521/vadal-alexander,77,320,5.76,4.85,21.6,og,NA,NA
OL,Joshua Garnett,312,76.375,33.875,10.125,29,99,43,https://www.espn.com/college-sports/football/recruiting/player/_/id/112408/joshua-garnett,77,285,5.38,4.68,28,og,NA,NA
OL,Tyler Johnstone,301,77.5,34,10.375,30.5,104,56,https://www.espn.com/college-sports/football/recruiting/player/_/id/103898/tyler-johnstone,77,245,5.17,4.47,30.5,ot,NA,NA
OL,Ryan Kelly,311,76,33.625,9.625,30,103,15,https://www.espn.com/college-sports/football/recruiting/player/_/id/88709/ryan-kelly,76,264,5.05,4.78,26.5,ce,NA,NA
OL,Denver Kirkland,335,76.5,34.625,9.625,22.5,94,58,https://www.espn.com/college-sports/football/recruiting/player/_/id/129810/denver-kirkland,76,333,5.63,5.15,21.8,ot,NA,NA
OL,Kyle Murphy,305,78.375,33.5,9.75,NA,NA,57,https://www.espn.com/college-sports/football/recruiting/player/_/id/111645/kyle-murphy,78,270,5.31,4.52,28.3,ot,NA,NA
OL,Alex Redmond,294,76.75,33.25,10.5,28,111,58,https://www.espn.com/college-sports/football/recruiting/player/_/id/159848/alex-redmond,77,302,5.68,5.09,23.1,ot,NA,NA
OL,Isaac Seumalo,303,75.875,33,9.875,26,105,43,https://www.espn.com/college-sports/football/recruiting/player/_/id/112504/isaac-seumalo,75,280,5.28,4.61,27.6,og,NA,NA
OL,Laremy Tunsil,310,77,34.25,10,NA,NA,58,https://www.espn.com/college-sports/football/recruiting/player/_/id/139013/laremy-tunsil,78,295,5.12,4.61,27.7,ot,NA,NA
DL,Sheldon Day,293,72.625,32.625,9.625,30,102,29,https://www.espn.com/college-sports/football/recruiting/player/_/id/119381/sheldon-day,74,280,5.36,4.73,25.3,dt,NA,NA
DL,Darius Latham,311,76.25,34.75,10,29,100,30,https://www.espn.com/college-sports/football/recruiting/player/_/id/149779/darius-latham,77,291,5.25,4.91,20.5,dt,NA,NA
DL,Nile Lawrence-Stample,320,73,32.75,9.875,NA,NA,28,https://www.espn.com/college-sports/football/recruiting/player/_/id/104770/nile-lawrence-stample,73,297,4.9,5.04,NA,dt,NA,NA
DL,Robert Nkemdiche,294,75.5,33.875,10.375,35,116,23,https://www.espn.com/college-sports/football/recruiting/player/_/id/126673/robert-nkemdiche,77,265,NA,NA,32,dl,NA,NA
DL,Romeo Okwara,265,76.625,34.125,10.125,33,120,22,https://www.espn.com/college-sports/football/recruiting/player/_/id/133734/romeo-okwara,76,223,5.05,4.69,30.1,dl,NA,NA
DL,Hassan Ridgeway,303,75.375,33,9.375,32,113,22,https://www.espn.com/college-sports/football/recruiting/player/_/id/120893/hassan-ridgeway,76,248,4.82,4.56,34.3,dl,NA,NA
DL,A'Shawn Robinson,307,75.625,34.5,10.5,26,106,30,https://www.espn.com/college-sports/football/recruiting/player/_/id/138708/ashawn-robinson,77,304,5.13,4.62,28.4,dt,NA,NA
DL,Ron Thompson,253,75,32.25,9.375,NA,NA,96,https://www.espn.com/college-sports/football/recruiting/player/_/id/127518/ron-thompson,76,220,5.27,4.51,25.4,ti,NA,NA
DL,Adolphus Washington,301,75.375,34.5,9.875,27,99,22,https://www.espn.com/college-sports/football/recruiting/player/_/id/112624/adolphus-washington,76,251,4.9,4.57,24.6,dl,NA,NA
LB,Jordan Jenkins,259,74.625,34.25,11.25,36.5,121,22,https://www.espn.com/college-sports/football/recruiting/player/_/id/106946/jordan-jenkins,75,245,4.67,4.41,33,dl,NA,NA
LB,Raphael Kirby,236,72.25,31,9.875,NA,NA,50,https://www.espn.com/college-sports/football/recruiting/player/_/id/110612/raphael-kirby,73,215,4.66,4.5,38.7,ol,NA,NA
LB,Darron Lee,232,72.75,33.25,9.75,35.5,133,86,https://www.espn.com/college-sports/football/recruiting/player/_/id/135995/darron-lee,74,205,4.68,4.53,34.6,s_,NA,NA
LB,Steve Longa,241,72.625,32,9.75,32.5,116,2,https://www.espn.com/college-sports/football/recruiting/player/_/id/135144/steve-longa,72,210,4.73,4.37,34.2,at,NA,NA
LB,Blake Martinez,237,73.625,31.625,10.875,28.5,113,36,https://www.espn.com/college-sports/football/recruiting/player/_/id/129446/blake-martinez,73,242,5.1,NA,23.5,il,NA,NA
LB,Cassanova McKinzy,248,73,31.25,9.875,NA,NA,50,https://www.espn.com/college-sports/football/recruiting/player/_/id/110603/cassanova-mckinzy,74,225,4.65,4.31,26.5,ol,NA,NA
LB,Gionni Paul,231,70.125,31,8.125,31,113,49,https://www.espn.com/college-sports/football/recruiting/player/_/id/85217/gionni-paul,72,222,4.48,4.47,38.9,ol,NA,NA
LB,Joshua Perry,254,75.75,33.875,10.25,33.5,124,89,https://www.espn.com/college-sports/football/recruiting/player/_/id/195375/joshua-perry,75,184,4.75,4.27,37.1,s_,NA,NA
LB,Reggie Ragland,247,73.25,32,9.875,31.5,116,36,https://www.espn.com/college-sports/football/recruiting/player/_/id/103716/reggie-ragland,75,245,4.66,4.36,34.6,il,NA,NA
LB,Jaylon Smith,223,74,33,9.5,NA,NA,51,https://www.espn.com/college-sports/football/recruiting/player/_/id/141518/jaylon-smith,75,212,4.59,4.41,32.6,ol,NA,NA
LB,Stephen Weatherly,267,76.375,34.5,10.25,31,117,22,https://www.espn.com/college-sports/football/recruiting/player/_/id/110615/stephen-weatherly,76,195,4.72,4.31,31.3,dl,NA,NA
DB,Eli Apple,199,72.625,31.375,9.375,NA,NA,10,https://www.espn.com/college-sports/football/recruiting/player/_/id/123738/eli-apple,72,185,4.63,4.26,32.2,cb,93.6,NA
DB,Anthony Brown,192,71.25,31.75,8.25,35,115,68,https://www.espn.com/college-sports/football/recruiting/player/_/id/206039/anthony-brown,73,194,4.84,4.33,32.8,qb,NA,NA
DB,Artie Burns,193,71.875,33.25,9.5,31.5,NA,10,https://www.espn.com/college-sports/football/recruiting/player/_/id/145083/artie-burns,72,183,4.5,4.32,33.7,cb,99.99,NA
DB,Deon Bush,199,72.375,30.875,9.25,36,123,85,https://www.espn.com/college-sports/football/recruiting/player/_/id/119694/deon-bush,73,177,4.44,4.21,40.2,s_,NA,NA
DB,Jeremy Cash,212,72.375,32.375,10.5,NA,NA,84,https://www.espn.com/college-sports/football/recruiting/player/_/id/101901/jeremy-cash,73,185,4.52,4.44,35.6,s_,NA,NA
DB,De'Vante Harris,176,70.625,30.625,8.125,38.5,124,9,https://www.espn.com/college-sports/football/recruiting/player/_/id/93638/devante-harris,70,160,4.44,3.93,38,cb,NA,NA
DB,Cyrus Jones,197,69.875,31.375,9.125,33,116,2,https://www.espn.com/college-sports/football/recruiting/player/_/id/113749/cyrus-jones,71,185,4.46,4.13,32.5,at,NA,NA
DB,Keanu Neal,211,72.5,32.75,10.625,38,132,86,https://www.espn.com/college-sports/football/recruiting/player/_/id/138986/keanu-neal,73,203,4.59,4.12,36.9,s_,NA,NA
DB,Jalen Ramsey,209,73.25,33.375,9.5,41.5,135,10,https://www.espn.com/college-sports/football/recruiting/player/_/id/125030/jalen-ramsey,72,190,4.54,4.04,40.9,cb,130.32,NA
DB,Rashard Robinson,171,73.5,32.25,9,35.5,121,3,https://www.espn.com/college-sports/football/recruiting/player/_/id/152286/rashard-robinson,74,161,4.59,4.43,33.5,at,80.19,NA
DB,Zack Sanchez,185,70.875,31.375,9.375,35.5,116,9,https://www.espn.com/college-sports/football/recruiting/player/_/id/107632/zack-sanchez,72,165,4.63,4.03,32.5,cb,NA,NA
DB,Elijah Shumate,216,71.75,31.125,9.75,33,119,85,https://www.espn.com/college-sports/football/recruiting/player/_/id/117348/elijah-shumate,72,205,4.52,4.41,28.5,s_,NA,NA
DB,D.J. White,193,70.875,31.5,9.25,33,132,9,https://www.espn.com/college-sports/football/recruiting/player/_/id/123814/dj-white,71,175,4.49,4.35,35.2,cb,NA,NA
DB,Tavon Young,183,69.125,30.625,9.125,34.5,118,9,https://www.espn.com/college-sports/football/recruiting/player/_/id/113804/tavon-young,69,155,4.71,4.3,28.5,cb,NA,NA
QB,Joshua Dobbs,216,75.375,32.625,9.25,33,122,65,https://www.espn.com/college-sports/football/recruiting/player/_/id/146492/joshua-dobbs,75,190,4.94,NA,29,qb,NA,NA
QB,Seth Russell,213,75,32.25,9.625,NA,NA,64,https://www.espn.com/college-sports/football/recruiting/player/_/id/110560/seth-russell,75,195,4.62,4.06,36.6,qb,NA,NA
QB,Seth Russell,213,75,32.25,9.625,NA,NA,71,https://www.espn.com/college-sports/football/recruiting/player/_/id/110560/seth-russell,75,195,4.62,4.06,36.6,qb,NA,NA
QB,Deshaun Watson,221,74.5,33,9.75,32.5,119,66,https://www.espn.com/college-sports/football/recruiting/player/_/id/138829/deshaun-watson,75,190,4.89,4.24,34.2,qb,NA,NA
RB,Dalvin Cook,210,70.375,32.375,9.25,30.5,116,80,https://www.espn.com/college-sports/football/recruiting/player/_/id/162925/dalvin-cook,71,196,4.46,4.18,30.9,rb,NA,NA
RB,Justin Davis,208,73,31,9.625,NA,NA,79,https://www.espn.com/college-sports/football/recruiting/player/_/id/120630/justin-davis,73,199,4.71,4.12,37.3,rb,NA,NA
RB,Leonard Fournette,240,72.5,31.625,9.25,28.5,NA,80,https://www.espn.com/college-sports/football/recruiting/player/_/id/168066/leonard-fournette,73,226,NA,4.3,29.9,rb,NA,NA
RB,Wayne Gallman,215,72.5,32.625,9.125,29.5,120,3,https://www.espn.com/college-sports/football/recruiting/player/_/id/134664/wayne-gallman,73,200,4.85,4.57,30.1,at,NA,NA
RB,Elijah Hood,232,72,30.375,9.375,NA,NA,80,https://www.espn.com/college-sports/football/recruiting/player/_/id/161267/elijah-hood,72,221,4.48,4.2,37,rb,NA,NA
RB,Alvin Kamara,214,70.25,32.75,9.25,39.5,131,79,https://www.espn.com/college-sports/football/recruiting/player/_/id/143751/alvin-kamara,70,192,4.55,4.28,39.1,rb,NA,NA
RB,Marlon Mack,213,71.375,32,9,35.5,125,80,https://www.espn.com/college-sports/football/recruiting/player/_/id/152328/marlon-mack,71,192,4.6,4.59,32.9,rb,NA,NA
WO,Rodney Adams,189,73.25,32,9,29.5,125,104,https://www.espn.com/college-sports/football/recruiting/player/_/id/120550/rodney-adams,73,166,4.68,4.5,31.1,wr,NA,NA
WO,Noah Brown,222,74,31.75,9.125,NA,NA,4,https://www.espn.com/college-sports/football/recruiting/player/_/id/169895/noah-brown,74,215,NA,NA,25.3,at,NA,39
WO,Robert Davis,219,74.625,33,9.625,41,136,79,https://www.espn.com/college-sports/football/recruiting/player/_/id/127723/robert-davis,68,160,4.58,4.38,30.3,rb,NA,NA
WO,Travin Dural,202,72.75,32.125,9.125,30.5,116,103,https://www.espn.com/college-sports/football/recruiting/player/_/id/123080/travin-dural,73,175,4.72,4.51,25.5,wr,NA,NA
WO,Shelton Gibson,191,70.75,32,8.875,32,118,104,https://www.espn.com/college-sports/football/recruiting/player/_/id/143705/shelton-gibson,71,173,4.48,4.3,27,wr,NA,NA
WO,Keon Hatcher,212,73.25,32,9.5,NA,NA,103,https://www.espn.com/college-sports/football/recruiting/player/_/id/109309/keon-hatcher,74,205,4.5,4.62,33.5,wr,NA,NA
WO,Isaiah McKenzie,173,67.5,28.875,8.875,36,123,4,https://www.espn.com/college-sports/football/recruiting/player/_/id/170222/isaiah-mckenzie,68,160,4.56,4.54,36,at,87.84,35
WO,Speedy Noil,199,71,30,9.25,43.5,133,4,https://www.espn.com/college-sports/football/recruiting/player/_/id/167452/speedy-noil,72,176,4.45,3.87,44.1,at,153.9,41
WO,James Quick,186,71.875,30.75,9,31,115,104,https://www.espn.com/college-sports/football/recruiting/player/_/id/134592/james-quick,72,180,4.72,4.65,27.6,wr,NA,NA
WO,Darreus Rogers,216,73,32,10.125,26.5,112,103,https://www.espn.com/college-sports/football/recruiting/player/_/id/94413/darreus-rogers,73,195,4.6,NA,NA,wr,NA,NA
WO,Curtis Samuel,196,71,31.25,9.5,37,119,4,https://www.espn.com/college-sports/football/recruiting/player/_/id/176117/curtis-samuel,71,186,4.36,4.07,40.7,at,126.78,35
WO,Ryan Switzer,181,68.5,28,9.25,32,116,104,https://www.espn.com/college-sports/football/recruiting/player/_/id/135980/ryan-switzer,69,170,4.52,3.91,32.5,wr,NA,NA
WO,Trent Taylor,181,68,28.75,8.25,33,117,29,https://www.espn.com/college-sports/football/recruiting/player/_/id/85449/trent-taylor,75,245,5.52,NA,19,dt,NA,NA
WO,Mike Williams,218,75.625,33.375,9.375,32.5,121,33,https://www.espn.com/college-sports/football/recruiting/player/_/id/198324/mike-williams,74,305,NA,4.85,24.9,dt,NA,NA
TE,Bucky Hodges,257,78,32.5,10.125,39,134,65,https://www.espn.com/college-sports/football/recruiting/player/_/id/112913/bucky-hodges,78,220,4.7,4.37,34.8,qb,NA,NA
OL,Zach Banner,353,80.375,34.875,10.75,23.5,92,57,https://www.espn.com/college-sports/football/recruiting/player/_/id/112075/zach-banner,80,305,5.54,5.34,19.6,ot,NA,NA
OL,Adam Bisnowaty,304,77.625,33.875,11.375,29.5,96,57,https://www.espn.com/college-sports/football/recruiting/player/_/id/86250/adam-bisnowaty,78,277,5.21,4.72,26,ot,NA,NA
OL,Jessamen Dunker,318,76.25,33.5,10,28.5,108,43,https://www.espn.com/college-sports/football/recruiting/player/_/id/127837/jessamen-dunker,78,315,5.13,5.02,24.3,og,NA,NA
OL,Damien Mama,334,75,35,11,24.5,96,45,https://www.espn.com/college-sports/football/recruiting/player/_/id/165381/damien-mama,76,370,5.97,4.84,22.8,og,NA,NA
OL,Sam Tevi,311,77,34,10.125,26,107,30,https://www.espn.com/college-sports/football/recruiting/player/_/id/138457/sam-tevi,77,271,5.3,4.63,26.8,dt,NA,NA
DL,Montravius Adams,304,75.625,32.75,9.25,29,108,30,https://www.espn.com/college-sports/football/recruiting/player/_/id/132098/montravius-adams,75,281,5.31,4.95,24.4,dt,NA,NA
DL,Derek Barnett,259,75,32.125,10,31,117,24,https://www.espn.com/college-sports/football/recruiting/player/_/id/169896/derek-barnett,75,274,4.89,4.24,29.3,dl,109.92,NA
DL,Tashawn Bower,250,76.75,33.375,9.875,31.5,121,23,https://www.espn.com/college-sports/football/recruiting/player/_/id/128323/tashawn-bower,77,241,4.89,4.75,28.7,dl,NA,NA
DL,Caleb Brantley,307,74.625,32,9.75,27,105,30,https://www.espn.com/college-sports/football/recruiting/player/_/id/132089/caleb-brantley,75,304,5.39,4.7,26.7,dt,NA,NA
DL,Taco Charlton,277,77.625,34.25,9.75,33,116,23,https://www.espn.com/college-sports/football/recruiting/player/_/id/127534/taco-charlton,78,249,4.89,4.5,31.6,dl,100.29,NA
DL,Ken Ekanem,257,74.75,32,10.5,NA,115,50,https://www.espn.com/college-sports/football/recruiting/player/_/id/92145/ken-ekanem,75,235,4.69,4.46,30.5,ol,NA,NA
DL,Myles Garrett,272,76.5,35.5,10.25,41,128,24,https://www.espn.com/college-sports/football/recruiting/player/_/id/158532/myles-garrett,77,247,5.08,4.94,34,dl,85.68,NA
DL,Davon Godchaux,310,75.375,32.375,10.25,NA,NA,24,https://www.espn.com/college-sports/football/recruiting/player/_/id/154089/davon-godchaux,76,271,5.22,4.91,24.7,dl,64.98,NA
DL,Jaleel Johnson,316,74.625,33.25,9.625,28,100,43,https://www.espn.com/college-sports/football/recruiting/player/_/id/119734/jaleel-johnson,74,290,5.48,5.28,20.5,og,NA,NA
DL,Carl Lawson,261,73.75,31.5,10.375,33,114,23,https://www.espn.com/college-sports/football/recruiting/player/_/id/120741/carl-lawson,75,251,5.11,4.87,26,dl,NA,NA
DL,Ifeadi Odenigbo,258,75,32.625,10.5,31.5,128,22,https://www.espn.com/college-sports/football/recruiting/player/_/id/127676/ifeadi-odenigbo,75,212,4.62,4.25,33.5,dl,NA,NA
DL,Elijah Qualls,313,72.625,30.625,9.375,31.5,105,30,https://www.espn.com/college-sports/football/recruiting/player/_/id/150645/elijah-qualls,73,282,5.39,4.81,25.8,dt,NA,NA
DL,Vincent Taylor,304,74.625,34.375,10.125,28.5,108,30,https://www.espn.com/college-sports/football/recruiting/player/_/id/141457/vincent-taylor,74,267,5.07,4.75,25.4,dt,NA,NA
DL,Solomon Thomas,273,74.625,33,9.375,35,126,24,https://www.espn.com/college-sports/football/recruiting/player/_/id/157940/solomon-thomas,75,256,4.95,4.25,36.7,dl,121.77,NA
DL,Eddie Vanderdoes,305,75.125,33.125,10.625,28.5,111,30,https://www.espn.com/college-sports/football/recruiting/player/_/id/143548/eddie-vanderdoes,75,310,5.12,4.61,30.3,dt,NA,NA
LB,Alex Anzalone,241,74.875,32.125,9.125,30.5,116,3,https://www.espn.com/college-sports/football/recruiting/player/_/id/139334/alex-anzalone,75,231,4.73,4.34,29.3,at,108.09,NA
LB,Kendell Beckwith,243,74,33,9.5,NA,NA,3,https://www.espn.com/college-sports/football/recruiting/player/_/id/140565/kendell-beckwith,75,225,4.83,4.44,31.7,at,87.87,NA
LB,Ben Boulware,238,72,30.5,10,29.5,111,37,https://www.espn.com/college-sports/football/recruiting/player/_/id/133955/ben-boulware,73,225,5.03,4.17,30.1,il,NA,NA
LB,Kevin Davis,235,73.875,32.375,10.25,30.5,110,50,https://www.espn.com/college-sports/football/recruiting/player/_/id/118167/kevin-davis,74,220,4.73,4.4,30.5,ol,NA,NA
LB,Raekwon McMillan,240,73.875,33,9.75,33,121,38,https://www.espn.com/college-sports/football/recruiting/player/_/id/130263/raekwon-mcmillan,74,249,4.79,4.15,36.3,il,NA,NA
LB,Matt Milano,223,72.5,32,9.375,35,126,86,https://www.espn.com/college-sports/football/recruiting/player/_/id/138985/matt-milano,72,194,4.64,4.25,34.3,s_,NA,NA
LB,Tanner Vallejo,228,73.5,30.5,9.625,33.5,121,37,https://www.espn.com/college-sports/football/recruiting/player/_/id/163846/tanner-vallejo,73,220,4.74,4.3,32.6,il,NA,NA
DB,Jamal Adams,214,71.75,33.375,9.25,31.5,120,87,https://www.espn.com/college-sports/football/recruiting/player/_/id/157051/jamal-adams,72,204,4.48,4.23,34,s_,NA,NA
DB,Brian Allen,215,75.125,34,10,34.5,117,18,https://www.espn.com/college-sports/football/recruiting/player/_/id/169957/brian-allen,73,287,5.22,4.6,28.8,ce,NA,NA
DB,Delano Hill,216,73,32.125,9.375,33.5,115,86,https://www.espn.com/college-sports/football/recruiting/player/_/id/151225/delano-hill,72,198,4.44,4.34,31.6,s_,NA,NA
DB,Marlon Humphrey,197,72.25,32.25,8.75,NA,125,11,https://www.espn.com/college-sports/football/recruiting/player/_/id/150962/marlon-humphrey,72,179,4.48,4.27,32,cb,NA,NA
DB,Rayshawn Jenkins,214,73,32.75,9.625,37,128,85,https://www.espn.com/college-sports/football/recruiting/player/_/id/109433/rayshawn-jenkins,73,190,4.57,4.18,33.7,s_,NA,NA
DB,Kevin King,200,75,32,9.5,39.5,NA,10,https://www.espn.com/college-sports/football/recruiting/player/_/id/166014/kevin-king,74,172,4.67,3.93,38.6,cb,119.49,NA
DB,Ashton Lampkin,201,72.25,32.375,9.5,34.5,120,9,https://www.espn.com/college-sports/football/recruiting/player/_/id/125359/ashton-lampkin,71,175,4.83,5.06,28.8,cb,NA,NA
DB,Brendan Langley,189,72.375,31,9.375,35.5,123,3,https://www.espn.com/college-sports/football/recruiting/player/_/id/144482/brendan-langley,73,181,4.61,4.14,36.3,at,108.33,NA
DB,Jourdan Lewis,188,70.25,31.625,9.25,34.5,121,10,https://www.espn.com/college-sports/football/recruiting/player/_/id/143569/jourdan-lewis,70,159,4.68,4.34,32,cb,85.05,NA
DB,Marcus Maye,212,72,32.5,9.125,NA,NA,85,https://www.espn.com/college-sports/football/recruiting/player/_/id/111223/marcus-maye,72,195,4.64,4.23,31.9,s_,NA,NA
DB,Montae Nicholson,212,74.375,33.375,9.5,35,125,4,https://www.espn.com/college-sports/football/recruiting/player/_/id/167913/montae-nicholson,74,210,4.6,4.28,34.3,at,102.42,35
DB,Sojourn Shelton,177,69,31,8.375,35,120,10,https://www.espn.com/college-sports/football/recruiting/player/_/id/135225/sojourn-shelton,70,152,4.68,4.19,34.4,cb,83.67,NA
DB,Tre'Davious White,192,71.25,32.125,9.125,32,119,10,https://www.espn.com/college-sports/football/recruiting/player/_/id/130830/tredavious-white,71,170,4.74,4.46,30,cb,NA,NA
DB,Quincy Wilson,211,73.5,32.25,9.625,32,118,87,https://www.espn.com/college-sports/football/recruiting/player/_/id/150250/quincy-wilson,73,197,4.6,4.16,32.4,s_,NA,NA
QB,J.T. Barrett,224,73.25,32,9.875,30,108,65,https://www.espn.com/college-sports/football/recruiting/player/_/id/146579/jt-barrett,73,205,4.79,4.34,26,qb,NA,NA
QB,Sam Darnold,221,75.375,31,9.375,NA,105,74,https://www.espn.com/college-sports/football/recruiting/player/_/id/178530/sam-darnold,76,209,4.95,4.47,26.8,qb,NA,NA
QB,Quinton Flowers,210,70.375,30.875,9.75,NA,112,4,https://www.espn.com/college-sports/football/recruiting/player/_/id/170142/quinton-flowers,72,203,4.72,4.53,31.2,at,87.33,37
QB,Lamar Jackson,216,74.25,33.125,9.5,NA,NA,6,https://www.espn.com/college-sports/football/recruiting/player/_/id/206195/lamar-jackson,75,209,NA,NA,36.2,at,NA,30.5
QB,Lamar Jackson,216,74.25,33.125,9.5,NA,NA,67,https://www.espn.com/college-sports/football/recruiting/player/_/id/188724/lamar-jackson,75,202,4.77,4.44,31.6,qb,NA,NA
QB,Tanner Lee,218,76.25,32.5,10,32,115,72,https://www.espn.com/college-sports/football/recruiting/player/_/id/146582/tanner-lee,75,191,5.19,4.63,27,qb,NA,NA
QB,Chase Litton,232,77,32.25,9.375,29.5,106,73,https://www.espn.com/college-sports/football/recruiting/player/_/id/164057/chase-litton,77,191,4.83,4.31,29.6,qb,NA,NA
QB,Chase Litton,232,77,32.25,9.375,29.5,106,105,https://www.espn.com/college-sports/football/recruiting/player/_/id/164057/chase-litton,77,191,4.83,4.31,29.6,wr,NA,NA
QB,Josh Rosen,226,76,31.75,9.875,31,111,74,https://www.espn.com/college-sports/football/recruiting/player/_/id/159856/josh-rosen,76,206,5.03,4.31,31,qb,NA,NA
RB,Saquon Barkley,233,72,31.375,9.5,41,NA,81,https://www.espn.com/college-sports/football/recruiting/player/_/id/189073/saquon-barkley,72,208,4.66,4.5,36.2,rb,NA,NA
RB,Nick Bawden,245,74,30.5,9.25,NA,NA,73,https://www.espn.com/college-sports/football/recruiting/player/_/id/178462/nick-bawden,74,231,4.92,4.53,26.5,qb,NA,NA
RB,Nick Bawden,245,74,30.5,9.25,NA,NA,105,https://www.espn.com/college-sports/football/recruiting/player/_/id/178462/nick-bawden,74,231,4.92,4.53,26.5,wr,NA,NA
RB,Nick Chubb,227,70.875,32,9.625,38.5,128,80,https://www.espn.com/college-sports/football/recruiting/player/_/id/171039/nick-chubb,71,217,4.47,4.1,40.8,rb,NA,NA
RB,Lavon Coleman,223,70.75,30.5,9.25,33,120,79,https://www.espn.com/college-sports/football/recruiting/player/_/id/136877/lavon-coleman,70,205,4.85,4.41,28.7,rb,NA,NA
RB,Royce Freeman,229,71.5,32,9.5,34,118,80,https://www.espn.com/college-sports/football/recruiting/player/_/id/159230/royce-freeman,72,227,4.58,4.07,33.6,rb,NA,NA
RB,Derrius Guice,224,70.5,30.75,9,31.5,NA,81,https://www.espn.com/college-sports/football/recruiting/player/_/id/174677/derrius-guice,71,215,4.61,4.66,30.4,rb,NA,NA
RB,Sony Michel,214,70.625,31.25,9.125,NA,NA,80,https://www.espn.com/college-sports/football/recruiting/player/_/id/128201/sony-michel,71,194,4.46,4.22,30.5,rb,NA,NA
RB,Demario Richard,218,68.75,28.75,9.25,29.5,115,80,https://www.espn.com/college-sports/football/recruiting/player/_/id/160043/demario-richard,69,197,4.65,4.28,31.6,rb,NA,NA
RB,Bo Scarbrough,228,73.375,33.5,10,40,129,4,https://www.espn.com/college-sports/football/recruiting/player/_/id/153062/bo-scarbrough,74,215,4.59,4.09,31,at,NA,NA
RB,Mark Walton,202,69.625,30,9.25,31.5,118,81,https://www.espn.com/college-sports/football/recruiting/player/_/id/180184/mark-walton,70,185,4.68,4.38,33,rb,NA,NA
RB,Darrel Williams,229,71.625,31,9.375,32,109,80,https://www.espn.com/college-sports/football/recruiting/player/_/id/176097/darrel-williams,71,203,NA,4.18,28.4,rb,NA,NA
WO,Marcell Ateman,216,76.5,32.875,9,34,121,104,https://www.espn.com/college-sports/football/recruiting/player/_/id/142589/marcell-ateman,77,200,4.83,4.34,29.8,wr,NA,NA
WO,Deon Cain,202,73.875,33,8.75,33.5,115,106,https://www.espn.com/college-sports/football/recruiting/player/_/id/187069/deon-cain,74,190,4.58,4.43,30.6,wr,NA,NA
WO,Antonio Callaway,200,70.625,31.5,9.5,38.5,121,106,https://www.espn.com/college-sports/football/recruiting/player/_/id/192221/antonio-callaway,71,179,4.64,4.56,33,wr,NA,NA
WO,Dylan Cantrell,226,74.875,31.375,9.25,38.5,130,104,https://www.espn.com/college-sports/football/recruiting/player/_/id/138382/dylan-cantrell,74,202,4.55,4.13,38.2,wr,NA,NA
WO,Robert Foster,196,73.625,32.125,9.25,31,116,104,https://www.espn.com/college-sports/football/recruiting/player/_/id/126595/robert-foster,75,190,4.82,4.34,29.1,wr,NA,NA
WO,Christian Kirk,201,70.375,30.375,9.875,35.5,115,106,https://www.espn.com/college-sports/football/recruiting/player/_/id/166015/christian-kirk,71,197,4.49,4.15,37,wr,NA,NA
WO,Tavares Martin,185,72.625,32.125,9.125,31.5,NA,106,https://www.espn.com/college-sports/football/recruiting/player/_/id/180148/tavares-martin,73,156,4.99,4.3,29.4,wr,NA,NA
WO,Steven Mitchell,189,70.25,30.375,9.375,32.5,121,104,https://www.espn.com/college-sports/football/recruiting/player/_/id/137497/steven-mitchell,71,176,4.55,4.12,33.5,wr,NA,NA
WO,Calvin Ridley,189,72.5,31.625,9.125,31,110,106,https://www.espn.com/college-sports/football/recruiting/player/_/id/187868/calvin-ridley,73,169,4.65,4.34,28.1,wr,NA,NA
WO,Auden Tate,228,76.875,33.75,9.375,31,112,106,https://www.espn.com/college-sports/football/recruiting/player/_/id/190758/auden-tate,77,206,NA,4.3,30.8,wr,NA,NA
TE,Troy Fumagalli,247,76.75,34.125,10.25,NA,NA,97,https://www.espn.com/college-sports/football/recruiting/player/_/id/146581/troy-fumagalli,77,220,5.19,4.64,24,ti,NA,NA
TE,Dalton Schultz,244,77.375,31.25,9.5,NA,120,98,https://www.espn.com/college-sports/football/recruiting/player/_/id/167967/dalton-schultz,78,235,4.79,4.5,30.6,ti,NA,NA
OL,Brian Allen,300,73,32.375,9.25,26,99,18,https://www.espn.com/college-sports/football/recruiting/player/_/id/169957/brian-allen,73,287,5.22,4.6,28.8,ce,NA,NA
OL,Jaryd Jones-Smith,317,78.5,36.25,10,27,109,58,https://www.espn.com/college-sports/football/recruiting/player/_/id/150951/jaryd-jones-smith,78,313,5.7,5.29,23.3,ot,NA,NA
OL,K.J. Malone,321,75.625,33.5,9.25,29.5,103,44,https://www.espn.com/college-sports/football/recruiting/player/_/id/137753/kj-malone,76,290,5.5,5.52,23,og,NA,NA
OL,Kolton Miller,309,80.625,34,10.75,31.5,121,59,https://www.espn.com/college-sports/football/recruiting/player/_/id/185797/kolton-miller,80,281,5.18,NA,27.2,ot,NA,NA
OL,Quenton Nelson,325,77,33.75,10.375,26.5,105,45,https://www.espn.com/college-sports/football/recruiting/player/_/id/170243/quenton-nelson,77,302,5.6,4.81,23.6,og,NA,NA
OL,Skyler Phillips,324,74.75,33,9.5,29,104,44,https://www.espn.com/college-sports/football/recruiting/player/_/id/167593/skyler-phillips,75,338,5.33,4.81,25.1,og,NA,NA
OL,Billy Price,305,75.75,32,9.75,NA,NA,30,https://www.espn.com/college-sports/football/recruiting/player/_/id/128620/billy-price,76,305,5.01,4.62,25.1,dt,NA,NA
OL,Scott Quessenberry,315,75.625,31.75,9.75,33.5,111,17,https://www.espn.com/college-sports/football/recruiting/player/_/id/156079/scott-quessenberry,76,276,5.09,4.4,29.3,ce,NA,NA
OL,Frank Ragnow,312,77.125,33.125,9.375,NA,NA,59,https://www.espn.com/college-sports/football/recruiting/player/_/id/169913/frank-ragnow,77,296,5.27,4.75,24.8,ot,NA,NA
OL,Braden Smith,315,78.25,32.25,9.375,33.5,113,45,https://www.espn.com/college-sports/football/recruiting/player/_/id/146538/braden-smith,78,285,5.12,4.65,35.5,og,NA,NA
OL,Rod Taylor,321,74.875,34.25,9.75,30.5,99,45,https://www.espn.com/college-sports/football/recruiting/player/_/id/169969/rod-taylor,75,323,5.22,4.64,26,og,NA,NA
OL,Toby Weathersby,317,76.375,33.25,10.25,24.5,106,46,https://www.espn.com/college-sports/football/recruiting/player/_/id/176212/toby-weathersby,77,295,5.44,4.97,24,og,NA,NA
OL,Isaiah Wynn,313,74.375,33.375,8.5,NA,NA,45,https://www.espn.com/college-sports/football/recruiting/player/_/id/153560/isaiah-wynn,74,274,5.3,5.06,26.8,og,NA,NA
DL,Joshua Frazier,321,74.875,34.25,10,NA,NA,31,https://www.espn.com/college-sports/football/recruiting/player/_/id/170199/joshua-frazier,76,336,5.27,4.76,26.8,dt,NA,NA
DL,Rasheem Green,275,76.25,33.75,9.875,32.5,118,32,https://www.espn.com/college-sports/football/recruiting/player/_/id/177905/rasheem-green,77,290,4.93,4.44,32.2,dt,NA,NA
DL,Justin Jones,309,74.5,33.5,10,29,104,31,https://www.espn.com/college-sports/football/recruiting/player/_/id/168343/justin-jones,75,258,5.16,4.75,26.5,dt,NA,NA
DL,Lowell Lotulelei,315,73.625,33,9.625,NA,NA,30,https://www.espn.com/college-sports/football/recruiting/player/_/id/140413/lowell-lotulelei,74,293,5.15,4.91,22.1,dt,NA,NA
DL,Kahlil McKenzie,314,74.75,31.5,10.125,29.5,105,32,https://www.espn.com/college-sports/football/recruiting/player/_/id/187852/kahlil-mckenzie,76,341,NA,NA,NA,dt,NA,NA
DL,Da'Ron Payne,311,74.5,33,9.375,28.5,107,32,https://www.espn.com/college-sports/football/recruiting/player/_/id/187061/daron-payne,75,348,5.24,4.8,24.7,dt,NA,NA
DL,Deadrin Senat,314,72,31.625,9.75,26,100,30,https://www.espn.com/college-sports/football/recruiting/player/_/id/143636/deadrin-senat,73,311,5.44,4.69,29.5,dt,NA,NA
DL,Tim Settle,329,74.75,33,9.125,23.5,96,32,https://www.espn.com/college-sports/football/recruiting/player/_/id/183151/tim-settle,75,339,NA,NA,20.6,dt,NA,NA
DL,Andrew Brown,296,75.375,34.5,9.375,28,101,31,https://www.espn.com/college-sports/football/recruiting/player/_/id/141550/andrew-brown,76,295,5.06,4.47,29,dt,NA,NA
DL,Da'Shawn Hand,297,75.625,34.375,9.75,31.5,111,24,https://www.espn.com/college-sports/football/recruiting/player/_/id/148337/dashawn-hand,76,262,4.95,4.61,34.9,dl,100.38,NA
DL,Jalyn Holmes,283,76.875,34,10,NA,NA,24,https://www.espn.com/college-sports/football/recruiting/player/_/id/165450/jalyn-holmes,77,235,4.94,4.6,29,dl,92.58,NA
DL,Tyquan Lewis,269,75.25,33.75,10.375,35.5,122,23,https://www.espn.com/college-sports/football/recruiting/player/_/id/139341/tyquan-lewis,75,225,4.77,4.41,37.3,dl,108.57,NA
DL,Breeland Speaks,283,74.875,33.75,9.875,32.5,110,31,https://www.espn.com/college-sports/football/recruiting/player/_/id/176078/breeland-speaks,75,281,5.21,4.66,28.4,dt,NA,NA
DL,Kentavius Street,280,74.25,32.875,10.25,NA,NA,24,https://www.espn.com/college-sports/football/recruiting/player/_/id/172316/kentavius-street,74,265,4.7,4.44,36.2,dl,115.41,NA
DL,Josh Sweat,251,76.75,34.625,10.25,39.5,124,25,https://www.espn.com/college-sports/football/recruiting/player/_/id/181612/josh-sweat,77,240,4.46,4,38.3,dl,148.17,NA
DL,Chad Thomas,281,77,33.5,10.25,29,116,24,https://www.espn.com/college-sports/football/recruiting/player/_/id/162986/chad-thomas,77,240,4.85,4.37,30.9,dl,108,NA
LB,Jerome Baker,229,73.125,31.5,10.375,36.5,126,53,https://www.espn.com/college-sports/football/recruiting/player/_/id/173447/jerome-baker,73,202,4.54,4.09,33.6,ol,NA,NA
LB,Lorenzo Carter,250,76.875,34,10.375,36,130,24,https://www.espn.com/college-sports/football/recruiting/player/_/id/166897/lorenzo-carter,77,234,4.6,4.32,40,dl,129.75,NA
LB,Rashaan Evans,232,73.875,32.25,10,30,116,52,https://www.espn.com/college-sports/football/recruiting/player/_/id/170133/rashaan-evans,75,217,4.51,4.27,38.4,ol,NA,NA
LB,Shaquem Griffin,227,72.375,32.125,9,NA,117,86,https://www.espn.com/college-sports/football/recruiting/player/_/id/129894/shaquem-griffin,73,183,4.63,4.16,32.7,s_,NA,NA
LB,Shaun Dion Hamilton,228,71.75,31,10.25,NA,NA,38,https://www.espn.com/college-sports/football/recruiting/player/_/id/169274/shaun-dion-hamilton,71,234,4.8,4.06,36.1,il,NA,NA
LB,Malik Jefferson,236,74.25,32,9.625,36,125,53,https://www.espn.com/college-sports/football/recruiting/player/_/id/171152/malik-jefferson,75,220,4.39,4.19,39.7,ol,NA,NA
LB,Peter Kalambayi,252,74.625,33.5,9,34,121,51,https://www.espn.com/college-sports/football/recruiting/player/_/id/140430/peter-kalambayi,75,238,4.62,4.25,35.6,ol,NA,NA
LB,Skai Moore,226,74.25,32,9.375,36,117,51,https://www.espn.com/college-sports/football/recruiting/player/_/id/146577/skai-moore,75,195,4.69,NA,28.5,ol,NA,NA
LB,Dorian O'Daniel,223,72.625,31.125,9,32,119,51,https://www.espn.com/college-sports/football/recruiting/player/_/id/140421/dorian-odaniel,73,201,4.55,4.19,35.8,ol,NA,NA
LB,Christian Sam,244,73,31.5,10,32,114,52,https://www.espn.com/college-sports/football/recruiting/player/_/id/137903/christian-sam,73,206,4.74,4.08,33.3,ol,NA,NA
LB,Andre Smith,237,71.625,33.125,10,NA,NA,53,https://www.espn.com/college-sports/football/recruiting/player/_/id/180255/andre-smith,72,215,4.98,4.54,32,ol,NA,NA
LB,Roquan Smith,236,72.875,32,10,NA,NA,53,https://www.espn.com/college-sports/football/recruiting/player/_/id/177402/roquan-smith,74,204,4.71,4.28,33.9,ol,NA,NA
LB,Matthew Thomas,232,74.75,33,8.875,41.5,131,51,https://www.espn.com/college-sports/football/recruiting/player/_/id/129808/matthew-thomas,75,205,4.59,4.09,35.6,ol,NA,NA
LB,Fred Warner,236,75.375,32,9.75,38.5,119,52,https://www.espn.com/college-sports/football/recruiting/player/_/id/172652/fred-warner,75,205,4.8,4.32,32,ol,NA,NA
LB,Kenny Young,236,73,32.375,9.5,36,117,38,https://www.espn.com/college-sports/football/recruiting/player/_/id/170254/kenny-young,73,210,4.79,4.33,27.5,il,NA,NA
DB,Anthony Averett,183,71.125,30.25,8.5,31.5,119,3,https://www.espn.com/college-sports/football/recruiting/player/_/id/123710/anthony-averett,72,170,4.67,4.62,30.4,at,NA,NA
DB,Tony Brown,199,71.875,31.5,9.25,31.5,126,11,https://www.espn.com/college-sports/football/recruiting/player/_/id/157994/tony-brown,72,196,4.35,3.83,35.9,cb,136.2,NA
DB,Tony Brown,199,71.875,31.5,9.25,31.5,126,106,https://www.espn.com/college-sports/football/recruiting/player/_/id/160408/tony-brown,73,185,4.82,4.25,29.6,wr,NA,NA
DB,Carlton Davis,206,73,32.75,8.5,34,124,88,https://www.espn.com/college-sports/football/recruiting/player/_/id/181699/carlton-davis,73,182,4.67,4.5,36.1,s_,NA,NA
DB,Duke Dawson,197,70.625,31.5,9,NA,NA,11,https://www.espn.com/college-sports/football/recruiting/player/_/id/167750/duke-dawson,71,197,4.63,4.22,35.3,cb,86.49,NA
DB,Grant Haley,190,69.25,29.75,9.125,34,119,11,https://www.espn.com/college-sports/football/recruiting/player/_/id/156431/grant-haley,70,180,4.57,4.22,31.5,cb,88.29,NA
DB,Holton Hill,196,73.625,32,9.625,31,120,12,https://www.espn.com/college-sports/football/recruiting/player/_/id/176241/holton-hill,74,184,4.56,4.25,36.3,cb,97.83,NA
DB,Mike Hughes,189,70.125,30.875,8.75,35.5,127,5,https://www.espn.com/college-sports/football/recruiting/player/_/id/187862/mike-hughes,70,181,NA,4.2,33,at,NA,NA
DB,Donte Jackson,178,70.5,29.5,8.75,NA,124,5,https://www.espn.com/college-sports/football/recruiting/player/_/id/174585/donte-jackson,71,170,4.69,4.84,31.4,at,66.75,34
DB,Joshua Jackson,196,72.375,31.125,9.375,38,123,68,https://www.espn.com/college-sports/football/recruiting/player/_/id/208414/joshua-jackson,73,203,NA,4.46,25.5,qb,NA,NA
DB,Quenton Meeks,209,73,31.75,10.25,39,128,88,https://www.espn.com/college-sports/football/recruiting/player/_/id/194529/quenton-meeks,73,185,4.73,4.4,40,s_,NA,NA
DB,M.J. Stewart,200,70.875,31.25,9.25,35,118,4,https://www.espn.com/college-sports/football/recruiting/player/_/id/165491/mj-stewart,71,191,4.57,4,33.6,at,112.08,36
DB,Denzel Ward,183,70.875,31.25,8.75,39,136,59,https://www.espn.com/college-sports/football/recruiting/player/_/id/169935/denzel-ward,80,307,5.58,5.03,23.8,ot,NA,NA
DB,Minkah Fitzpatrick,204,72.125,31.25,9.375,33,121,12,https://www.espn.com/college-sports/football/recruiting/player/_/id/172513/minkah-fitzpatrick,73,194,4.54,3.87,37.4,cb,115.08,NA
DB,Tre Flowers,202,75.25,33.875,9,34.5,122,86,https://www.espn.com/college-sports/football/recruiting/player/_/id/130773/tre-flowers,75,180,4.64,4.33,30.4,s_,NA,NA
DB,Marcell Harris,216,72.75,32,8.625,NA,NA,86,https://www.espn.com/college-sports/football/recruiting/player/_/id/120689/marcell-harris,73,209,4.58,4.28,32,s_,NA,NA
DB,Ronnie Harrison,207,74,33.375,9.5,34,120,88,https://www.espn.com/college-sports/football/recruiting/player/_/id/180467/ronnie-harrison,74,192,4.86,4.72,33.6,s_,NA,NA
DB,Derwin James,215,73.75,33,9.5,40,132,88,https://www.espn.com/college-sports/football/recruiting/player/_/id/152264/derwin-james,74,202,4.52,4.27,36.9,s_,NA,NA
DB,Justin Reid,207,72.5,31.625,9.75,36.5,128,88,https://www.espn.com/college-sports/football/recruiting/player/_/id/193770/justin-reid,74,193,4.67,4.22,39.1,s_,NA,NA
DB,Stephen Roberts,186,71.25,31.375,8.875,34,121,11,https://www.espn.com/college-sports/football/recruiting/player/_/id/173158/stephen-roberts,72,180,NA,NA,31.2,cb,NA,NA
DB,Armani Watts,202,70.5,31,8.75,35,120,4,https://www.espn.com/college-sports/football/recruiting/player/_/id/170280/armani-watts,71,183,4.7,4.07,35,at,96.51,33
DB,Damon Webb,209,70.75,31.25,8.125,NA,NA,11,https://www.espn.com/college-sports/football/recruiting/player/_/id/141537/damon-webb,70,179,4.67,4.15,28.1,cb,84.27,NA
DB,Jordan Whitehead,198,70.375,29.75,8.5,NA,NA,12,https://www.espn.com/college-sports/football/recruiting/player/_/id/165120/jordan-whitehead,71,171,4.57,4.06,31.5,cb,95.64,NA
QB,Kelly Bryant,229,75.125,32.25,9.5,35,125,67,https://www.espn.com/college-sports/football/recruiting/player/_/id/171043/kelly-bryant,76,204,4.87,4.2,35,qb,NA,NA
QB,Jacob Eason,231,77.875,32.875,9.5,27.5,110,75,https://www.espn.com/college-sports/football/recruiting/player/_/id/189857/jacob-eason,78,217,NA,4.75,24.6,qb,NA,NA
QB,Jake Fromm,219,73.875,31.125,8.875,30,111,76,https://www.espn.com/college-sports/football/recruiting/player/_/id/199383/jake-fromm,75,224,4.96,4.55,30.1,qb,NA,NA
QB,Jalen Hurts,222,73,31.75,9.75,35,125,68,https://www.espn.com/college-sports/football/recruiting/player/_/id/180817/jalen-hurts,74,208,4.85,4.34,30.9,qb,NA,NA
QB,Brian Lewerke,213,74.5,32.125,10.625,NA,NA,74,https://www.espn.com/college-sports/football/recruiting/player/_/id/176308/brian-lewerke,75,192,4.86,4.43,32,qb,NA,NA
QB,Jordan Love,224,75.75,32.625,10.5,35.5,118,68,https://www.espn.com/college-sports/football/recruiting/player/_/id/209042/jordan-love,75,179,5.13,4.85,30.4,qb,NA,NA
QB,Steven Montez,231,76,32.75,9.375,33,117,67,https://www.espn.com/college-sports/football/recruiting/player/_/id/178754/steven-montez,77,194,4.75,4.22,29,qb,NA,NA
QB,James Morgan,229,76,33.375,9.75,29,112,74,https://www.espn.com/college-sports/football/recruiting/player/_/id/184481/james-morgan,76,210,NA,NA,31,qb,NA,NA
QB,Tua Tagovailoa,217,72,30.5,9.875,NA,NA,69,https://www.espn.com/college-sports/football/recruiting/player/_/id/207003/tua-tagovailoa,73,215,4.9,4.3,33.2,qb,NA,NA
WR,Tony Brown,198,72.75,31.5,9.25,33.5,119,11,https://www.espn.com/college-sports/football/recruiting/player/_/id/157994/tony-brown,72,196,4.35,3.83,35.9,cb,136.2,NA
WR,Tony Brown,198,72.75,31.5,9.25,33.5,119,106,https://www.espn.com/college-sports/football/recruiting/player/_/id/160408/tony-brown,73,185,4.82,4.25,29.6,wr,NA,NA
WR,Lawrence Cager,220,76.75,33.375,8.875,NA,NA,106,https://www.espn.com/college-sports/football/recruiting/player/_/id/171249/lawrence-cager,77,200,NA,4.32,33.5,wr,NA,NA
WR,Chase Claypool,238,76.25,32.5,9.875,40.5,126,107,https://www.espn.com/college-sports/football/recruiting/player/_/id/210776/chase-claypool,77,214,4.6,4.53,32.8,wr,NA,NA
WR,Tyrie Cleveland,209,74.375,32.875,9.125,39.5,126,107,https://www.espn.com/college-sports/football/recruiting/player/_/id/198967/tyrie-cleveland,75,190,4.38,4.29,39.1,wr,NA,NA
WR,Quartney Davis,201,73.25,31.375,9.5,35.5,NA,107,https://www.espn.com/college-sports/football/recruiting/player/_/id/203041/quartney-davis,75,181,4.57,4.26,31.6,wr,NA,NA
WR,Devin Duvernay,200,70.5,30.625,9.5,35.5,123,107,https://www.espn.com/college-sports/football/recruiting/player/_/id/190661/devin-duvernay,71,193,4.38,4.24,37.7,wr,NA,NA
WR,Bryan Edwards,212,74.75,32.25,9.5,NA,NA,107,https://www.espn.com/college-sports/football/recruiting/player/_/id/198981/bryan-edwards,75,209,4.53,4.31,37.7,wr,NA,NA
WR,Tee Higgins,216,75.625,34.125,9.25,NA,NA,108,https://www.espn.com/college-sports/football/recruiting/player/_/id/205014/tee-higgins,77,191,4.75,4.23,34,wr,NA,NA
WR,K.J. Hill,196,71.875,29.125,9.25,32.5,114,106,https://www.espn.com/college-sports/football/recruiting/player/_/id/182001/kj-hill,73,194,4.59,3.93,37.1,wr,NA,NA
WR,Van Jefferson,200,73.5,32.75,9.125,NA,NA,106,https://www.espn.com/college-sports/football/recruiting/player/_/id/187248/van-jefferson,74,175,NA,4.53,NA,wr,NA,NA
WR,Jauan Jennings,215,75.125,31.625,9,29,119,5,https://www.espn.com/college-sports/football/recruiting/player/_/id/187883/jauan-jennings,75,186,NA,4.56,31.6,at,NA,29.5
WR,Jerry Jeudy,193,73,32.125,9.5,35,120,108,https://www.espn.com/college-sports/football/recruiting/player/_/id/203573/jerry-jeudy,73,180,4.55,4.2,37.4,wr,NA,NA
WR,Juwan Johnson,230,76,34.25,10.5,33,124,106,https://www.espn.com/college-sports/football/recruiting/player/_/id/181490/juwan-johnson,77,212,4.77,4.31,31.1,wr,NA,NA
WR,Donovan Peoples-Jones,212,73.625,33.5,10.125,44.5,139,108,https://www.espn.com/college-sports/football/recruiting/player/_/id/198994/donovan-peoples-jones,74,200,4.45,4.18,38.8,wr,NA,NA
WR,Jalen Reagor,206,70.625,31.375,9.5,42,138,108,https://www.espn.com/college-sports/football/recruiting/player/_/id/209865/jalen-reagor,71,183,4.41,4.43,38.4,wr,NA,NA
WR,Freddie Swain,197,72.25,30.625,9,36.5,124,107,https://www.espn.com/college-sports/football/recruiting/player/_/id/191068/freddie-swain,72,185,4.75,4.27,33.7,wr,NA,NA
WR,Jeff Thomas,170,68.875,30.375,8.375,36.5,125,108,https://www.espn.com/college-sports/football/recruiting/player/_/id/190268/jeff-thomas,70,170,4.38,NA,NA,wr,NA,NA
TE,Devin Asiasi,257,75,33.25,9.75,30.5,115,100,https://www.espn.com/college-sports/football/recruiting/player/_/id/198977/devin-asiasi,77,272,5.08,4.61,31.1,ti,NA,NA
TE,Hunter Bryant,248,74.25,32,10,32.5,115,94,https://www.espn.com/college-sports/football/recruiting/player/_/id/216579/hunter-bryant,75,238,4.82,4.35,32.8,te,NA,NA
TE,Sean McKeon,242,77,33.5,9.125,NA,NA,100,https://www.espn.com/college-sports/football/recruiting/player/_/id/209066/sean-mckeon,77,227,4.69,4.58,36.2,ti,NA,NA
TE,Colby Parkinson,252,79.25,33.25,9.625,32.5,109,101,https://www.espn.com/college-sports/football/recruiting/player/_/id/208407/colby-parkinson,79,228,4.86,4.47,31.5,ti,NA,NA
TE,Jared Pinkney,257,76,32.875,10.5,NA,NA,106,https://www.espn.com/college-sports/football/recruiting/player/_/id/196106/jared-pinkney,77,224,5.06,4.51,31,wr,NA,NA
TE,Stephen Sullivan,248,76.875,35.375,10.125,36.5,123,107,https://www.espn.com/college-sports/football/recruiting/player/_/id/193738/stephen-sullivan,77,230,4.72,4.6,33,wr,NA,NA
TE,Charlie Woerner,244,76.625,31.125,9.5,34.5,120,6,https://www.espn.com/college-sports/football/recruiting/player/_/id/186957/charlie-woerner,77,220,4.76,4.44,31,at,95.58,39
RB,Salvon Ahmed,197,70.875,29.25,8.75,34.5,120,83,https://www.espn.com/college-sports/football/recruiting/player/_/id/204783/salvon-ahmed,72,191,4.32,4.04,35.7,rb,NA,NA
RB,Cam Akers,217,70.375,30.625,9,35.5,122,83,https://www.espn.com/college-sports/football/recruiting/player/_/id/197055/cam-akers,71,213,4.41,4.09,40.6,rb,NA,NA
RB,Eno Benjamin,207,68.875,31.25,8.625,39,122,83,https://www.espn.com/college-sports/football/recruiting/player/_/id/208126/eno-benjamin,70,203,4.7,4.1,32.8,rb,NA,NA
RB,J.K. Dobbins,209,69.5,29.75,9.5,NA,NA,83,https://www.espn.com/college-sports/football/recruiting/player/_/id/202557/jk-dobbins,70,201,4.44,4.09,43.1,rb,NA,NA
RB,Clyde Edwards-Helaire,207,67.25,29,9.625,39.5,123,83,https://www.espn.com/college-sports/football/recruiting/player/_/id/210428/clyde-edwards-helaire,68,201,4.47,4.04,39.8,rb,NA,NA
RB,Anthony McFarland,208,68.125,30.375,8.875,29.5,116,83,https://www.espn.com/college-sports/football/recruiting/player/_/id/203953/anthony-mcfarland,69,203,4.53,4.04,32.8,rb,NA,NA
RB,Zack Moss,223,69.375,31.25,9.25,33,NA,82,https://www.espn.com/college-sports/football/recruiting/player/_/id/195592/zack-moss,70,200,4.76,4.38,33.5,rb,NA,NA
RB,Sewo Olonilua,232,74.625,32.125,10,36,123,6,https://www.espn.com/college-sports/football/recruiting/player/_/id/195440/sewo-olonilua,75,219,4.75,4.23,36.3,at,114.51,41
RB,J.J. Taylor,185,65.25,28.75,8.5,35.5,118,82,https://www.espn.com/college-sports/football/recruiting/player/_/id/194742/jj-taylor,65,160,4.7,4.09,35.8,rb,NA,NA
RB,Jonathan Taylor,226,70.25,31.125,9.5,36,123,83,https://www.espn.com/college-sports/football/recruiting/player/_/id/213013/jonathan-taylor,71,208,4.42,4.3,34.4,rb,NA,NA
RB,Patrick Taylor,217,73.5,32.25,9.375,34,123,82,https://www.espn.com/college-sports/football/recruiting/player/_/id/209387/patrick-taylor,74,209,4.65,4.23,32.5,rb,NA,NA
OT,Tremayne Anchrum,314,73.875,33.625,9.625,24.5,104,47,https://www.espn.com/college-sports/football/recruiting/player/_/id/209001/tremayne-anchrum,75,257,5.14,4.76,23.4,og,NA,NA
OG,Ben Bredeson,315,76.625,31.125,10.125,NA,NA,61,https://www.espn.com/college-sports/football/recruiting/player/_/id/196781/ben-bredeson,77,293,5.31,5.03,23.8,ot,NA,NA
OC,Cohl Cabral,300,76.875,32.25,10,NA,NA,20,https://www.espn.com/college-sports/football/recruiting/player/_/id/208396/cohl-cabral,77,250,5.17,4.63,28.6,ce,NA,NA
OT,Saahdiq Charles,321,76.125,33,10,NA,NA,48,https://www.espn.com/college-sports/football/recruiting/player/_/id/218402/saahdiq-charles,77,320,5.21,4.7,27,og,NA,NA
OT,Ezra Cleveland,311,78,33.375,9,30,111,33,https://www.espn.com/college-sports/football/recruiting/player/_/id/211854/ezra-cleveland,78,293,5.31,4.87,25.3,dt,NA,NA
OC,Jake Hanson,303,76.375,32.75,9.25,NA,NA,60,https://www.espn.com/college-sports/football/recruiting/player/_/id/199524/jake-hanson,76,288,5.6,5.09,25,ot,NA,NA
OC,Nick Harris,302,72.875,32.125,9.75,29.5,103,20,https://www.espn.com/college-sports/football/recruiting/player/_/id/204549/nick-harris,73,272,5.41,4.76,28.8,ce,NA,NA
OG,Cordel Iwuagwu,309,74.875,33.75,9.625,27,94,46,https://www.espn.com/college-sports/football/recruiting/player/_/id/180811/cordel-iwuagwu,75,285,NA,4.9,22,og,NA,NA
OG,Jonah Jackson,306,75.5,33.5,10.5,26,98,60,https://www.espn.com/college-sports/football/recruiting/player/_/id/192823/jonah-jackson,77,290,5.36,4.9,25.6,ot,NA,NA
OT,Kyle Murphy,316,75.25,33.875,10,28,104,57,https://www.espn.com/college-sports/football/recruiting/player/_/id/111645/kyle-murphy,78,270,5.31,4.52,28.3,ot,NA,NA
OT,Lucas Niang,315,78,34.25,10.5,NA,NA,61,https://www.espn.com/college-sports/football/recruiting/player/_/id/209109/lucas-niang,77,312,5.6,5.18,23.2,ot,NA,NA
OC,Cesar Ruiz,307,74.75,33.125,11,33,113,21,https://www.espn.com/college-sports/football/recruiting/player/_/id/211205/cesar-ruiz,75,321,5.26,4.66,28.7,ce,NA,NA
OT,Andrew Thomas,315,77.125,36.125,10.25,30.5,109,62,https://www.espn.com/college-sports/football/recruiting/player/_/id/208011/andrew-thomas,77,326,5.35,4.61,28.1,ot,NA,NA
OT,Calvin Throckmorton,317,77,32.5,9.5,27,97,60,https://www.espn.com/college-sports/football/recruiting/player/_/id/171189/calvin-throckmorton,77,270,NA,NA,24,ot,NA,NA
OC,Darryl Williams,304,74.375,32.125,9.75,25.5,102,46,https://www.espn.com/college-sports/football/recruiting/player/_/id/188426/darryl-williams,76,312,5.77,5.08,23.1,og,NA,NA
OT,Jedrick Wills,312,76.25,34.25,10,34.5,113,48,https://www.espn.com/college-sports/football/recruiting/player/_/id/208204/jedrick-wills,77,318,5.19,4.75,26.3,og,NA,NA
OT,Isaiah Wilson,350,78.5,35.5,10.25,29,110,62,https://www.espn.com/college-sports/football/recruiting/player/_/id/207958/isaiah-wilson,79,354,5.6,5.23,26,ot,NA,NA
OT,Tristan Wirfs,320,76.875,34,10.25,36.5,121,62,https://www.espn.com/college-sports/football/recruiting/player/_/id/212155/tristan-wirfs,77,290,5.29,5.03,25,ot,NA,NA
DT,McTelvin Agim,309,74.625,33.5,10.125,NA,NA,26,https://www.espn.com/college-sports/football/recruiting/player/_/id/195544/mctelvin-agim,75,268,4.88,4.49,30.7,dl,96.87,NA
DT,Ross Blacklock,290,75.125,32.375,9.75,29,107,33,https://www.espn.com/college-sports/football/recruiting/player/_/id/202987/ross-blacklock,75,326,5.32,4.61,25.1,dt,NA,NA
DT,Derrick Brown,326,76.625,34.25,9,27,108,33,https://www.espn.com/college-sports/football/recruiting/player/_/id/195914/derrick-brown,76,322,5.28,4.82,23.1,dt,NA,NA
DT,Carlos Davis,313,74,32,9.625,NA,NA,32,https://www.espn.com/college-sports/football/recruiting/player/_/id/189029/carlos-davis,74,270,NA,4.35,32,dt,NA,NA
DT,Khalil Davis,308,73,31.5,9.75,NA,NA,32,https://www.espn.com/college-sports/football/recruiting/player/_/id/189148/khalil-davis,74,260,NA,4.5,33,dt,NA,NA
DE,Raekwon Davis,311,78.125,33.875,11,28,111,33,https://www.espn.com/college-sports/football/recruiting/player/_/id/203217/raekwon-davis,80,318,5.49,4.84,26.2,dt,NA,NA
DT,Jordan Elliott,302,75.875,32.375,10.25,27.5,NA,33,https://www.espn.com/college-sports/football/recruiting/player/_/id/203959/jordan-elliott,76,301,NA,4.35,25.3,dt,NA,NA
DE,Jonathan Garvin,263,76.125,34,9.625,36,125,27,https://www.espn.com/college-sports/football/recruiting/player/_/id/220060/jonathan-garvin,76,222,4.87,4.4,36.2,dl,97.89,NA
NT,DaVon Hamilton,320,75.5,33,9.75,29.5,102,32,https://www.espn.com/college-sports/football/recruiting/player/_/id/175798/davon-hamilton,76,285,5.62,4.91,25.7,dt,NA,NA
DE,Trevon Hill,248,74.875,32.375,9.25,28,113,25,https://www.espn.com/college-sports/football/recruiting/player/_/id/189019/trevon-hill,76,212,4.98,4.63,32.7,dl,78.36,NA
DE,James Lynch,289,75.625,31.875,9.875,29,111,34,https://www.espn.com/college-sports/football/recruiting/player/_/id/216295/james-lynch,77,282,4.97,4.3,29.3,dt,NA,NA
DE,Julian Okwara,252,76.25,34.375,10.25,NA,NA,26,https://www.espn.com/college-sports/football/recruiting/player/_/id/201258/julian-okwara,76,216,5.14,4.63,31.5,dl,52.23,NA
DE,Chauncey Rivers,262,74,32.875,9.75,30.5,106,25,https://www.espn.com/college-sports/football/recruiting/player/_/id/181913/chauncey-rivers,75,252,NA,4.5,27.8,dl,NA,NA
DE,Alton Robinson,264,74.75,32.375,9.25,35.5,119,26,https://www.espn.com/college-sports/football/recruiting/player/_/id/208804/alton-robinson,75,220,4.84,4.6,32.1,dl,73.53,NA
DE,Qaadir Sheppard,261,74.875,32.75,10,31.5,115,92,https://www.espn.com/college-sports/football/recruiting/player/_/id/183336/qaadir-sheppard,75,239,4.98,4.31,29.7,te,NA,NA
DT,Jason Strowbridge,275,76.25,32.375,10.125,31,113,25,https://www.espn.com/college-sports/football/recruiting/player/_/id/188743/jason-strowbridge,76,247,5.01,4.6,31,dl,84.75,NA
DE,Chase Young,264,76.875,33.75,10,NA,NA,27,https://www.espn.com/college-sports/football/recruiting/player/_/id/212159/chase-young,77,226,4.94,4.46,30.3,dl,92.31,NA
ILB,Markus Bailey,235,72.125,31.5,9.375,NA,NA,53,https://www.espn.com/college-sports/football/recruiting/player/_/id/188446/markus-bailey,73,215,NA,NA,33,ol,NA,NA
OLB,Zack Baun,238,74.375,32.75,9.625,32.5,115,67,https://www.espn.com/college-sports/football/recruiting/player/_/id/197652/zack-baun,74,204,4.76,4.59,30.4,qb,NA,NA
ILB,Jordan Brooks,240,72,32.875,9.125,NA,NA,32,https://www.espn.com/college-sports/football/recruiting/player/_/id/198100/jordan-brooks,76,256,NA,4.88,24.2,dt,NA,NA
OLB,Cameron Brown,233,77.25,34,9.5,35.5,123,54,https://www.espn.com/college-sports/football/recruiting/player/_/id/206040/cameron-brown,77,199,NA,4.56,32,ol,NA,NA
OLB,Nick Coe,280,76.625,33.75,10.25,29,116,26,https://www.espn.com/college-sports/football/recruiting/player/_/id/205693/nick-coe,78,269,4.76,4.67,26.7,dl,88.38,NA
OLB,Carter Coughlin,236,75.125,31.375,9.5,36,126,40,https://www.espn.com/college-sports/football/recruiting/player/_/id/204687/carter-coughlin,76,212,4.53,4.16,36.1,il,NA,NA
OLB,Michael Divinity,242,73.625,33.625,9.5,31,115,54,https://www.espn.com/college-sports/football/recruiting/player/_/id/197336/michael-divinity,74,213,4.83,4.47,29.6,ol,NA,NA
ILB,Troy Dye,231,75.25,32.25,9.375,NA,NA,89,https://www.espn.com/college-sports/football/recruiting/player/_/id/206075/troy-dye,75,211,4.61,4.46,31.8,s_,NA,NA
OLB,Khaleke Hudson,224,71,29.375,10,33,120,89,https://www.espn.com/college-sports/football/recruiting/player/_/id/204566/khaleke-hudson,71,200,4.61,4.43,35.3,s_,NA,NA
ILB,Clay Johnston,227,73,30.5,8.75,NA,NA,53,https://www.espn.com/college-sports/football/recruiting/player/_/id/197102/clay-johnston,74,200,4.78,4.07,39.2,ol,NA,NA
OLB,Terrell Lewis,262,77.25,33.875,9.875,37,124,52,https://www.espn.com/college-sports/football/recruiting/player/_/id/132431/terrell-lewis,74,206,4.75,4.37,32.6,ol,NA,NA
ILB,Kamal Martin,240,74.875,34,10.125,NA,NA,75,https://www.espn.com/college-sports/football/recruiting/player/_/id/211125/kamal-martin,75,203,4.82,4.69,30.6,qb,NA,NA
ILB,Kenneth Murray,241,74.5,32.75,9.5,38,129,55,https://www.espn.com/college-sports/football/recruiting/player/_/id/210431/kenneth-murray,74,215,4.68,4.34,34.6,ol,NA,NA
ILB,Michael Pinckney,235,71.125,32.375,10,NA,NA,40,https://www.espn.com/college-sports/football/recruiting/player/_/id/195931/michael-pinckney,72,213,NA,NA,NA,il,NA,NA
ILB,Shaquille Quarterman,234,72.5,31.625,9.125,31,120,40,https://www.espn.com/college-sports/football/recruiting/player/_/id/181809/shaquille-quarterman,73,239,NA,NA,28.1,il,NA,NA
ILB,Patrick Queen,229,72.25,31.625,10,35,125,83,https://www.espn.com/college-sports/football/recruiting/player/_/id/208378/patrick-queen,73,209,4.72,4.38,37.4,rb,NA,NA
LB/SS,Isaiah Simmons,238,75.625,33.375,9.625,39,132,89,https://www.espn.com/college-sports/football/recruiting/player/_/id/205098/isaiah-simmons,76,211,4.75,4.52,36.9,s_,NA,NA
ILB,Evan Weaver,237,74.125,31.625,9.625,32,117,26,https://www.espn.com/college-sports/football/recruiting/player/_/id/206450/evan-weaver,74,240,4.75,4.64,30,dl,101.91,NA
CB,Trajan Bandy,180,67.75,29.875,9,NA,NA,14,https://www.espn.com/college-sports/football/recruiting/player/_/id/204787/trajan-bandy,70,182,4.51,4.23,35.1,cb,111.96,NA
CB,Essang Bassey,191,69.375,31,7.875,39.5,128,13,https://www.espn.com/college-sports/football/recruiting/player/_/id/197006/essang-bassey,69,174,4.6,4.18,40.8,cb,99.45,NA
FS,Myles Bryant,183,67.875,29.5,9.125,31.5,115,6,https://www.espn.com/college-sports/football/recruiting/player/_/id/193741/myles-bryant,68,168,4.69,4.16,30.2,at,NA,35
CB,Cameron Dantzler,188,74.25,30.625,9,34.5,NA,6,https://www.espn.com/college-sports/football/recruiting/player/_/id/197177/cameron-dantzler,74,165,4.62,4.38,33.1,at,80.97,32.5
CB,Kristian Fulton,197,71.625,30.625,9.125,35.5,123,13,https://www.espn.com/college-sports/football/recruiting/player/_/id/198935/kristian-fulton,72,172,NA,4.29,37.4,cb,NA,NA
CB,Harrison Hand,197,71.125,31.75,9.125,41,133,14,https://www.espn.com/college-sports/football/recruiting/player/_/id/212058/harrison-hand,72,183,4.4,4.42,40.8,cb,120.33,NA
CB,Lavert Hill,190,70,30.875,9.125,NA,NA,13,https://www.espn.com/college-sports/football/recruiting/player/_/id/200650/lavert-hill,70,176,4.41,4.1,33.2,cb,106.71,NA
CB,Darnay Holmes,195,69.75,29.5,9.25,NA,NA,14,https://www.espn.com/college-sports/football/recruiting/player/_/id/194771/darnay-holmes,70,195,4.32,4.09,33.6,cb,128.91,NA
CB,Lamar Jackson,208,74,32.25,9.5,36.5,122,6,https://www.espn.com/college-sports/football/recruiting/player/_/id/206195/lamar-jackson,75,209,NA,NA,36.2,at,NA,30.5
CB,Lamar Jackson,208,74,32.25,9.5,36.5,122,67,https://www.espn.com/college-sports/football/recruiting/player/_/id/188724/lamar-jackson,75,202,4.77,4.44,31.6,qb,NA,NA
CB,Jaylon Johnson,193,71.875,31.375,9.375,36.5,124,14,https://www.espn.com/college-sports/football/recruiting/player/_/id/214389/jaylon-johnson,73,181,4.47,4,39.7,cb,136.53,NA
CB,Amik Robertson,187,68.375,30.25,9,NA,NA,14,https://www.espn.com/college-sports/football/recruiting/player/_/id/197362/amik-robertson,70,170,4.62,4.35,34.6,cb,84.54,NA
CB,Stanford Samuels,187,73,31.75,10.125,NA,NA,14,https://www.espn.com/college-sports/football/recruiting/player/_/id/195624/stanford-samuels,74,171,NA,4.24,NA,cb,NA,NA
CB,Josiah Scott,185,69.25,29.375,8.75,NA,NA,14,https://www.espn.com/college-sports/football/recruiting/player/_/id/212188/josiah-scott,70,170,4.83,3.93,34.6,cb,89.37,NA
CB,A.J. Terrell,195,73.125,31.25,9,34.5,129,14,https://www.espn.com/college-sports/football/recruiting/player/_/id/207969/aj-terrell,74,179,4.54,4.07,37,cb,102.93,NA
FS,Julian Blackmon,187,71.75,31,9,NA,NA,6,https://www.espn.com/college-sports/football/recruiting/player/_/id/213825/julian-blackmon,72,167,4.52,4.25,31.3,at,97.65,37
SS,Terrell Burgess,202,71.375,29.5,9.25,33.5,122,13,https://www.espn.com/college-sports/football/recruiting/player/_/id/208479/terrell-burgess,72,178,4.78,4.27,27.8,cb,73.2,NA
CB,Shyheim Carter,194,70.5,29.625,9.5,NA,NA,13,https://www.espn.com/college-sports/football/recruiting/player/_/id/189694/shyheim-carter,72,177,4.5,4.03,34.2,cb,110.55,NA
FS,Kamren Curl,206,73.375,32.625,8.5,34.5,125,7,https://www.espn.com/college-sports/football/recruiting/player/_/id/209765/kamren-curl,74,176,4.56,4.15,36.3,at,100.23,32
FS,Grant Delpit,213,74.5,30.375,9.125,NA,NA,90,https://www.espn.com/college-sports/football/recruiting/player/_/id/212035/grant-delpit,76,189,4.52,4.04,36.6,s_,NA,NA
FS,Jalen Elliott,205,72.375,31.75,9.125,34,125,6,https://www.espn.com/college-sports/football/recruiting/player/_/id/206081/jalen-elliott,73,181,NA,4.36,32.5,at,NA,36
FS,Jordan Fuller,203,73.875,31,9,35.5,122,6,https://www.espn.com/college-sports/football/recruiting/player/_/id/171330/jordan-fuller,74,205,4.51,4.4,32.8,at,90.96,30.5
SS,Jaylinn Hawkins,208,72.625,31.75,9.5,35.5,117,106,https://www.espn.com/college-sports/football/recruiting/player/_/id/178541/jaylinn-hawkins,71,180,NA,4.34,29,wr,NA,NA
SS,Brandon Jones,198,71.125,30.125,8.75,NA,NA,89,https://www.espn.com/college-sports/football/recruiting/player/_/id/189798/brandon-jones,72,193,4.56,4.35,34,s_,NA,NA
SS,Xavier McKinney,201,72.375,30.875,8.625,36,122,90,https://www.espn.com/college-sports/football/recruiting/player/_/id/216462/xavier-mckinney,73,196,4.59,4.21,36.7,s_,NA,NA
FS,Chris Miller,190,71.25,29.875,9,35.5,133,14,https://www.espn.com/college-sports/football/recruiting/player/_/id/209723/chris-miller,71,173,4.5,4.1,40.2,cb,118.77,NA
FS,Chris Miller,190,71.25,29.875,9,35.5,133,89,https://www.espn.com/college-sports/football/recruiting/player/_/id/198799/chris-miller,72,180,4.57,4.01,38.6,s_,NA,NA
SS,Antoine Winfield Jr.,203,69.125,30.125,9.5,36,124,89,https://www.espn.com/college-sports/football/recruiting/player/_/id/190668/antoine-winfield-jr,69,183,NA,4.16,32.8,s_,NA,NA
QB,Shane Buechele,210,72.25,30.25,9.375,30,114,75,https://www.espn.com/college-sports/football/recruiting/player/_/id/194699/shane-buechele,73,185,4.79,4.31,33.5,qb,NA,NA
QB,Sam Ehlinger,220,73.125,30.375,9.75,36.5,114,69,https://www.espn.com/college-sports/football/recruiting/player/_/id/210441/sam-ehlinger,74,222,4.83,4.32,31.1,qb,NA,NA
QB,Mac Jones,217,74.625,32.625,9.75,32,116,76,https://www.espn.com/college-sports/football/recruiting/player/_/id/208789/mac-jones,75,180,4.91,4.33,30.9,qb,NA,NA
QB,Davis Mills,217,75.75,31.375,9.5,32,110,76,https://www.espn.com/college-sports/football/recruiting/player/_/id/208714/davis-mills,76,198,NA,4.32,32.7,qb,NA,NA
QB,Kellen Mond,211,74.625,33.5,9.375,NA,NA,69,https://www.espn.com/college-sports/football/recruiting/player/_/id/208176/kellen-mond,75,202,4.81,4.55,30,qb,NA,NA
QB,Jamie Newman,234,74.875,30.5,9.75,NA,NA,68,https://www.espn.com/college-sports/football/recruiting/player/_/id/196851/jamie-newman,76,237,4.76,4.47,31.2,qb,NA,NA
QB,Kyle Trask,236,77.25,33,10.125,31.5,113,75,https://www.espn.com/college-sports/football/recruiting/player/_/id/209421/kyle-trask,78,211,5.12,4.5,28.5,qb,NA,NA
WR,Jhamon Ausbon,217,74.375,32.375,9.875,33,118,108,https://www.espn.com/college-sports/football/recruiting/player/_/id/212001/jhamon-ausbon,75,217,4.67,4.15,34.2,wr,NA,NA
WR,Simi Fehoko,222,75.875,31.625,10.25,34.5,120,107,https://www.espn.com/college-sports/football/recruiting/player/_/id/201861/simi-fehoko,76,186,4.52,4.12,35.9,wr,NA,NA
WR,Trevon Grimes,220,76,31.375,9.625,35,118,108,https://www.espn.com/college-sports/football/recruiting/player/_/id/199230/trevon-grimes,76,202,4.47,4.01,33.8,wr,NA,NA
WR,Javon McKinley,215,73.75,33,9.75,32.5,NA,107,https://www.espn.com/college-sports/football/recruiting/player/_/id/189296/javon-mckinley,74,206,4.78,4.47,34.7,wr,NA,NA
WR,Tre Nixon,187,72.125,31.75,9.125,35.5,125,107,https://www.espn.com/college-sports/football/recruiting/player/_/id/197552/tre-nixon,73,166,4.39,4.16,35,wr,NA,NA
WR,Cornell Powell,204,72.25,32.75,10,36.5,128,107,https://www.espn.com/college-sports/football/recruiting/player/_/id/201910/cornell-powell,73,200,4.64,4.31,35.9,wr,NA,NA
WR,Amari Rodgers,212,70,30.375,9.5,33,121,108,https://www.espn.com/college-sports/football/recruiting/player/_/id/204013/amari-rodgers,70,209,4.49,4.27,38.1,wr,NA,NA
WR,Brandon Smith,218,73.375,34.25,9.375,39,130,58,https://www.espn.com/college-sports/football/recruiting/player/_/id/134001/brandon-smith,79,335,5.99,5.57,21.1,ot,NA,NA
WR,Kadarius Toney,193,71.625,31.25,9.25,39.5,136,7,https://www.espn.com/college-sports/football/recruiting/player/_/id/218360/kadarius-toney,72,177,4.69,4.43,41.4,at,109.44,40
WR,Tyler Vaughns,184,74,32.875,9.5,31.5,120,107,https://www.espn.com/college-sports/football/recruiting/player/_/id/194758/tyler-vaughns,74,180,NA,4.2,32.5,wr,NA,NA
WR,Tylan Wallace,194,71.375,30.375,9.75,33,112,108,https://www.espn.com/college-sports/football/recruiting/player/_/id/208716/tylan-wallace,72,182,4.58,4.2,34.1,wr,NA,NA
TE,Nick Eubanks,245,76.5,33.25,9.75,34,120,93,https://www.espn.com/college-sports/football/recruiting/player/_/id/206083/nick-eubanks,77,215,4.69,4.46,33.3,te,NA,NA
TE,Luke Farrell,251,77.5,33,9.25,36.5,118,100,https://www.espn.com/college-sports/football/recruiting/player/_/id/195311/luke-farrell,78,244,4.95,4.36,32.4,ti,NA,NA
TE,Noah Gray,240,75,31.625,9.375,35,115,7,https://www.espn.com/college-sports/football/recruiting/player/_/id/221823/noah-gray,77,224,4.81,4.64,28.9,at,93.24,41
RB,Rakeem Boyd,213,71.375,32.5,8.625,32.5,98,82,https://www.espn.com/college-sports/football/recruiting/player/_/id/188473/rakeem-boyd,71,198,4.59,4.16,35.6,rb,NA,NA
RB,Gary Brightwell,218,70.75,31,9.375,34.5,118,83,https://www.espn.com/college-sports/football/recruiting/player/_/id/221725/gary-brightwell,71,188,NA,NA,30.6,rb,NA,NA
RB,Michael Carter,201,67.875,29.125,8.75,34,119,83,https://www.espn.com/college-sports/football/recruiting/player/_/id/197053/michael-carter,70,193,4.71,4.18,36.8,rb,NA,NA
RB,Travis Etienne,215,70.125,30.125,9.375,33.5,128,83,https://www.espn.com/college-sports/football/recruiting/player/_/id/220471/travis-etienne,71,199,4.43,4.33,37.3,rb,NA,NA
RB,Chris Evans,211,71,32.5,10,40.5,127,82,https://www.espn.com/college-sports/football/recruiting/player/_/id/204692/chris-evans,71,194,4.66,4.18,36.2,rb,NA,NA
RB,Demetric Felton,189,68.625,31.375,9.375,31.5,114,6,https://www.espn.com/college-sports/football/recruiting/player/_/id/207847/demetric-felton,69,178,4.62,4.03,36.1,at,109.56,36
RB,Najee Harris,232,73.375,33.375,10.25,NA,NA,83,https://www.espn.com/college-sports/football/recruiting/player/_/id/203572/najee-harris,75,226,4.66,4.16,32.2,rb,NA,NA
RB,Kylin Hill,214,70.5,30.5,9.625,36,122,83,https://www.espn.com/college-sports/football/recruiting/player/_/id/210461/kylin-hill,71,205,4.64,4.3,37.6,rb,NA,NA
FB,Ben Mason,246,74.75,32.625,9.375,37.5,117,55,https://www.espn.com/college-sports/football/recruiting/player/_/id/211197/ben-mason,75,247,4.88,4.27,29.3,ol,NA,NA
RB,Trey Sermon,215,72.375,33.375,9.375,37,125,83,https://www.espn.com/college-sports/football/recruiting/player/_/id/210072/trey-sermon,73,214,NA,4.27,34.7,rb,NA,NA
OG,Jack Anderson,309,76.125,31.625,10,NA,NA,48,https://www.espn.com/college-sports/football/recruiting/player/_/id/197308/jack-anderson,77,302,5.3,4.69,26,og,NA,NA
OT,Josh Ball,308,79.375,35,10,27.5,106,61,https://www.espn.com/college-sports/football/recruiting/player/_/id/198199/josh-ball,80,323,5.58,4.81,21.9,ot,NA,NA
OG,Aaron Banks,325,77.375,33.125,10.125,31,100,62,https://www.espn.com/college-sports/football/recruiting/player/_/id/211185/aaron-banks,79,344,5.64,4.91,23.8,ot,NA,NA
OG,Ben Cleveland,343,78.25,33.75,9.75,28,102,47,https://www.espn.com/college-sports/football/recruiting/player/_/id/181878/ben-cleveland,79,314,5.11,4.97,25.8,og,NA,NA
OT,Jake Curhan,316,77.875,33,10.25,24,102,61,https://www.espn.com/college-sports/football/recruiting/player/_/id/199642/jake-curhan,79,310,5.67,5.22,21.8,ot,NA,NA
C,Landon Dickerson,333,77.625,33.25,10.375,NA,NA,61,https://www.espn.com/college-sports/football/recruiting/player/_/id/204919/landon-dickerson,77,306,5.28,4.79,27.3,ot,NA,NA
OT,Stone Forsythe,307,80,34.375,10,27.5,103,47,https://www.espn.com/college-sports/football/recruiting/player/_/id/199164/stone-forsythe,80,325,6.1,5.48,17.6,og,NA,NA
OG,Kendrick Green,305,73.875,32.25,10.125,35.5,119,34,https://www.espn.com/college-sports/football/recruiting/player/_/id/222871/kendrick-green,74,270,5.14,4.93,27.9,dt,NA,NA
OG,Robert Hainsey,306,76.5,32.125,9.75,27.5,104,48,https://www.espn.com/college-sports/football/recruiting/player/_/id/204992/robert-hainsey,77,276,5.49,4.87,27.9,og,NA,NA
C,Creed Humphrey,302,76.25,32.5,9.625,33,112,21,https://www.espn.com/college-sports/football/recruiting/player/_/id/211531/creed-humphrey,77,310,5.51,4.81,27,ce,NA,NA
OT,Alaric Jackson,321,77.5,32.5,9.5,25,103,61,https://www.espn.com/college-sports/football/recruiting/player/_/id/208212/alaric-jackson,77,286,5.56,5.58,21.1,ot,NA,NA
C,Drake Jackson,293,73.875,31.125,8.25,31.5,NA,20,https://www.espn.com/college-sports/football/recruiting/player/_/id/198938/drake-jackson,74,302,5.56,4.73,24.4,ce,NA,NA
OG,Tommy Kraemer,309,77.5,33.5,10.625,NA,NA,61,https://www.espn.com/college-sports/football/recruiting/player/_/id/189772/tommy-kraemer,77,308,5.38,4.96,24,ot,NA,NA
OT,Alex Leatherwood,312,77.125,33.875,9.5,34.5,118,62,https://www.espn.com/college-sports/football/recruiting/player/_/id/210434/alex-leatherwood,78,327,5.22,4.89,27.8,ot,NA,NA
OT,Walker Little,313,79.375,33.75,10.125,29.5,111,62,https://www.espn.com/college-sports/football/recruiting/player/_/id/208953/walker-little,80,305,5.28,4.4,27.4,ot,NA,NA
OG,David Moore,330,73.625,34.125,9.625,27.5,105,68,https://www.espn.com/college-sports/football/recruiting/player/_/id/197191/david-moore,73,174,4.89,4.43,28.7,qb,NA,NA
C,Josh Myers,310,77.25,32,10.375,NA,NA,48,https://www.espn.com/college-sports/football/recruiting/player/_/id/205236/josh-myers,78,310,5.11,4.49,29.6,og,NA,NA
OG,Rashawn Slater,304,76.25,33,10.5,33,112,48,https://www.espn.com/college-sports/football/recruiting/player/_/id/209595/rashawn-slater,75,269,5.41,4.96,24.9,og,NA,NA
OG,Trey Smith,321,77.5,33.75,10,31,112,62,https://www.espn.com/college-sports/football/recruiting/player/_/id/205309/trey-smith,78,299,5.31,4.78,28.3,ot,NA,NA
OG,Trey Smith,321,77.5,33.75,10,31,112,81,https://www.espn.com/college-sports/football/recruiting/player/_/id/187661/trey-smith,73,202,4.8,4.53,28.6,rb,NA,NA
OG,Alijah Vera-Tucker,308,76.5,32.125,9.625,32,106,62,https://www.espn.com/college-sports/football/recruiting/player/_/id/214408/alijah-vera-tucker,76,270,NA,4.86,NA,ot,NA,NA
OT,Landon Young,310,78.125,33.75,10.125,30.5,108,61,https://www.espn.com/college-sports/football/recruiting/player/_/id/188685/landon-young,79,296,5.6,5.32,23.4,ot,NA,NA
EDGE,Jonathon Cooper,253,74.625,32.125,9.625,33,108,26,https://www.espn.com/college-sports/football/recruiting/player/_/id/198950/jonathon-cooper,75,238,4.89,4.21,32.4,dl,93.87,NA
EDGE,Victor Dimukeje,262,73.5,33.125,9.5,34.5,115,34,https://www.espn.com/college-sports/football/recruiting/player/_/id/221836/victor-dimukeje,74,254,5.13,4.64,28.9,dt,NA,NA
EDGE,Malik Herring,275,75.25,32.5,10.5,NA,NA,27,https://www.espn.com/college-sports/football/recruiting/player/_/id/208007/malik-herring,76,265,5.14,4.47,27.9,dl,85.74,NA
EDGE,Wyatt Hubert,258,74.875,31,10.125,32.5,110,27,https://www.espn.com/college-sports/football/recruiting/player/_/id/209532/wyatt-hubert,75,252,5.08,4.32,29.8,dl,97.89,NA
EDGE,Joshua Kaindoh,260,77.75,34.5,9.5,36.5,125,27,https://www.espn.com/college-sports/football/recruiting/player/_/id/207948/joshua-kaindoh,78,256,4.86,4.67,30.2,dl,78.93,NA
EDGE,Osa Odighizuwa,282,73.625,34.125,10.375,31.5,120,33,https://www.espn.com/college-sports/football/recruiting/player/_/id/207259/osa-odighizuwa,74,257,5,4.7,33.3,dt,NA,NA
EDGE,Adetokunbo Ogundeji,260,76.5,35.25,9.625,32,120,26,https://www.espn.com/college-sports/football/recruiting/player/_/id/208394/adetokunbo-ogundeji,76,215,5.01,4.21,30.2,dl,94.98,NA
EDGE,Kwity Paye,261,74.5,33,10,35.5,118,27,https://www.espn.com/college-sports/football/recruiting/player/_/id/218048/kwity-paye,76,226,4.75,4.47,35.2,dl,94.71,NA
EDGE,Jaelan Phillips,260,77.5,33.25,9.75,36,125,55,https://www.espn.com/college-sports/football/recruiting/player/_/id/212426/jaelan-phillips,77,241,4.65,4.5,32.1,ol,NA,NA
EDGE,Hamilcar Rashed Jr.,251,74.375,33.75,10.125,35.5,128,6,https://www.espn.com/college-sports/football/recruiting/player/_/id/209279/hamilcar-rashed-jr,74,206,4.85,4.69,30.3,at,76.11,36
EDGE,Janarius Robinson,266,77.375,35.25,10.875,34,121,26,https://www.espn.com/college-sports/football/recruiting/player/_/id/195362/janarius-robinson,77,247,4.62,4.27,33.4,dl,107.58,NA
EDGE,Jordan Smith,255,77.75,33.375,9.25,NA,NA,26,https://www.espn.com/college-sports/football/recruiting/player/_/id/199384/jordan-smith,78,217,4.75,4.63,29.3,dl,80.76,NA
EDGE,Shaka Toney,242,74.5,33,9.5,39,128,26,https://www.espn.com/college-sports/football/recruiting/player/_/id/206440/shaka-toney,75,215,NA,4.64,32.5,dl,NA,NA
EDGE,Rashad Weaver,259,76.375,33.25,9.75,32,114,26,https://www.espn.com/college-sports/football/recruiting/player/_/id/208357/rashad-weaver,77,241,5.23,4.66,27.1,dl,63.3,NA
DT,Quinton Bohanna,327,76,34,10.875,29,99,34,https://www.espn.com/college-sports/football/recruiting/player/_/id/210326/quinton-bohanna,76,288,6.06,5.83,20.4,dt,NA,NA
DT,Tyler Shelvin,350,74.125,33.625,10.25,28.5,97,34,https://www.espn.com/college-sports/football/recruiting/player/_/id/208954/tyler-shelvin,75,376,5.52,4.89,22.8,dt,NA,NA
DT,Tedarrell Slaton,330,76,32.625,9.125,29,109,62,https://www.espn.com/college-sports/football/recruiting/player/_/id/203300/tedarrell-slaton,77,353,5.29,5.13,27.3,ot,NA,NA
DT,Darius Stills,278,72.5,32.25,8.875,32.5,110,34,https://www.espn.com/college-sports/football/recruiting/player/_/id/221958/darius-stills,74,280,5.31,4.55,31.4,dt,NA,NA
DT,Jay Tufele,305,74.125,32.5,9.375,30,105,34,https://www.espn.com/college-sports/football/recruiting/player/_/id/205328/jay-tufele,75,297,5.04,4.76,26,dt,NA,NA
DT,Marlon Tuipulotu,317,73.875,33,10.375,30.5,103,34,https://www.espn.com/college-sports/football/recruiting/player/_/id/213186/marlon-tuipulotu,75,295,5.28,4.69,25.6,dt,NA,NA
DT,Marvin Wilson,303,75.875,33.375,10.125,25.5,107,34,https://www.espn.com/college-sports/football/recruiting/player/_/id/202720/marvin-wilson,76,332,5.17,4.56,25.1,dt,NA,NA
ILB,Baron Browning,245,74.75,33.5,10,40,130,55,https://www.espn.com/college-sports/football/recruiting/player/_/id/202885/baron-browning,75,232,4.56,4.18,37.4,ol,NA,NA
ILB,Jamin Davis,234,75.5,33,9.5,42,132,55,https://www.espn.com/college-sports/football/recruiting/player/_/id/210307/jamin-davis,75,200,4.7,4.41,34.9,ol,NA,NA
OLB,Anthony Hines III,225,74.25,32.75,9.375,33,118,41,https://www.espn.com/college-sports/football/recruiting/player/_/id/188008/anthony-hines-iii,75,222,4.67,4.12,30.3,il,NA,NA
OLB,Isaiah McDuffie,227,73.25,30.25,9.625,32.5,121,55,https://www.espn.com/college-sports/football/recruiting/player/_/id/213832/isaiah-mcduffie,74,200,NA,NA,31.3,ol,NA,NA
ILB,Dylan Moses,235,73.75,31.875,9.25,NA,NA,7,https://www.espn.com/college-sports/football/recruiting/player/_/id/182265/dylan-moses,74,235,4.56,4.09,37.1,at,132.48,39
ILB,Monty Rice,233,72.375,30.75,8.625,32,121,41,https://www.espn.com/college-sports/football/recruiting/player/_/id/211751/monty-rice,73,228,4.62,4.55,32,il,NA,NA
ILB,Chazz Surratt,229,74.125,30.25,9.625,31.5,NA,6,https://www.espn.com/college-sports/football/recruiting/player/_/id/189516/chazz-surratt,75,197,NA,NA,NA,at,NA,33.5
CB,Tre Brown,185,69.75,30.375,9.5,38,123,14,https://www.espn.com/college-sports/football/recruiting/player/_/id/212962/tre-brown,71,173,4.43,3.93,36.5,cb,127.29,NA
CB,Thomas Graham Jr.,192,70.375,31,8.875,34.5,121,14,https://www.espn.com/college-sports/football/recruiting/player/_/id/207026/thomas-graham-jr,71,177,4.52,3.96,36.4,cb,114.69,NA
CB,Deommodore Lenoir,199,70.25,30.625,9.75,34.5,121,14,https://www.espn.com/college-sports/football/recruiting/player/_/id/206947/deommodore-lenoir,71,183,4.43,3.96,33.6,cb,124.86,NA
CB,Ifeatu Melifonwu,205,74.5,32.125,9,41.5,134,7,https://www.espn.com/college-sports/football/recruiting/player/_/id/218362/ifeatu-melifonwu,75,183,4.71,4.66,34.9,at,82.98,35.5
CB,Elijah Molden,192,69.5,29.5,9.5,36.5,125,14,https://www.espn.com/college-sports/football/recruiting/player/_/id/201556/elijah-molden,71,181,4.51,3.93,37.1,cb,121.44,NA
CB,Aaron Robinson,186,71.5,30.25,8.75,37,123,6,https://www.espn.com/college-sports/football/recruiting/player/_/id/194836/aaron-robinson,73,175,4.63,4.22,35.5,at,94.17,34
CB,Benjamin St-Juste,202,75.25,32.625,9.375,34.5,119,14,https://www.espn.com/college-sports/football/recruiting/player/_/id/216318/benjamin-st-juste,75,189,4.58,3.86,36.6,cb,123.72,NA
CB,Brandon Stephens,213,72.125,32,9.75,38,127,82,https://www.espn.com/college-sports/football/recruiting/player/_/id/190656/brandon-stephens,73,201,4.7,4.36,30.5,rb,NA,NA
CB,Eric Stokes,194,72.625,32.75,9.125,38.5,128,83,https://www.espn.com/college-sports/football/recruiting/player/_/id/212136/eric-stokes,73,172,4.47,4.06,31.3,rb,NA,NA
CB,Keith Taylor,187,74.25,31.125,9.5,33.5,127,14,https://www.espn.com/college-sports/football/recruiting/player/_/id/208956/keith-taylor,75,186,4.7,4.64,32.4,cb,80.61,NA
CB,Ambry Thomas,191,71.875,32.25,8.625,38,122,14,https://www.espn.com/college-sports/football/recruiting/player/_/id/207547/ambry-thomas,72,174,4.43,3.9,35.9,cb,118.89,NA
CB,Mark Webb,207,73.5,32.625,10.125,36.5,136,108,https://www.espn.com/college-sports/football/recruiting/player/_/id/207971/mark-webb,74,197,4.75,4.5,31.9,wr,NA,NA
CB,Rodarius Williams,189,71.75,31.5,9.25,36.5,123,13,https://www.espn.com/college-sports/football/recruiting/player/_/id/206455/rodarius-williams,72,171,4.74,4.21,32.5,cb,78.96,NA
CB,Marco Wilson,191,71.625,30.75,9.625,43.5,136,14,https://www.espn.com/college-sports/football/recruiting/player/_/id/206149/marco-wilson,72,180,4.42,4.09,38.8,cb,122.28,NA
FS,Joshuah Bledsoe,204,71.375,30.75,9.625,NA,NA,90,https://www.espn.com/college-sports/football/recruiting/player/_/id/221176/joshuah-bledsoe,72,191,4.76,4.47,34.5,s_,NA,NA
FS,Michael Carter II,184,69.625,29.125,9.5,35.5,NA,90,https://www.espn.com/college-sports/football/recruiting/player/_/id/210264/michael-carter-ii,70,174,4.52,4.29,36,s_,NA,NA
SS,Tyree Gillespie,207,71.75,31.25,9.625,35.5,108,7,https://www.espn.com/college-sports/football/recruiting/player/_/id/219125/tyree-gillespie,72,202,4.58,4.5,36.1,at,113.58,41.5
FS,Damar Hamlin,200,72.875,32.25,9.125,35,118,13,https://www.espn.com/college-sports/football/recruiting/player/_/id/198957/damar-hamlin,73,182,NA,4.12,30.1,cb,NA,NA
QB,Jack Coan,218,75.25,31.125,9.5,33,115,76,https://www.espn.com/college-sports/football/recruiting/player/_/id/211221/jack-coan,75,190,4.96,4.35,30.9,qb,NA,NA
QB,Cole Kelley,249,79.375,33.75,9.875,NA,NA,75,https://www.espn.com/college-sports/football/recruiting/player/_/id/208405/cole-kelley,79,246,NA,NA,NA,qb,NA,NA
QB,Kenny Pickett,217,75.25,30.875,8.5,33.5,121,69,https://www.espn.com/college-sports/football/recruiting/player/_/id/211225/kenny-pickett,75,193,4.77,4.25,34.6,qb,NA,NA
QB,Skylar Thompson,217,73.875,31,8.625,31,112,68,https://www.espn.com/college-sports/football/recruiting/player/_/id/196911/skylar-thompson,74,195,4.72,NA,29,qb,NA,NA
WO,Charleston Rambo,177,72.625,32,9.75,33.5,118,108,https://www.espn.com/college-sports/football/recruiting/player/_/id/209428/charleston-rambo,73,166,NA,4.19,30.5,wr,NA,NA
WO,Braylon Sanders,194,72.125,31.5,10,34.5,121,7,https://www.espn.com/college-sports/football/recruiting/player/_/id/207975/braylon-sanders,72,172,4.64,4.3,33.3,at,87.72,33
RB,Kennedy Brooks,209,70.625,30.25,7.625,31,120,83,https://www.espn.com/college-sports/football/recruiting/player/_/id/206000/kennedy-brooks,71,185,4.66,4.3,33.9,rb,NA,NA
RB,Ty Chandler,204,71.25,32.125,9,31,121,83,https://www.espn.com/college-sports/football/recruiting/player/_/id/204855/ty-chandler,72,190,NA,NA,NA,rb,NA,NA
RB,Trestan Ebner,206,70.75,29.75,8.5,30,NA,108,https://www.espn.com/college-sports/football/recruiting/player/_/id/212036/trestan-ebner,72,188,4.4,4.42,32.8,wr,NA,NA
RB,Brian Robinson,225,73.625,31.875,9.75,30,119,83,https://www.espn.com/college-sports/football/recruiting/player/_/id/207991/brian-robinson,74,216,4.62,4.32,31.6,rb,NA,NA
RB,Abram Smith,213,71.625,30.25,8.25,NA,NA,83,https://www.espn.com/college-sports/football/recruiting/player/_/id/220326/abram-smith,72,196,4.59,4.4,31,rb,NA,NA
TE,Jake Ferguson,250,76.875,32.625,9.5,31.5,118,94,https://www.espn.com/college-sports/football/recruiting/player/_/id/211509/jake-ferguson,77,209,4.73,4.15,34.4,te,NA,NA
TE,Jeremiah Hall,239,73.5,31.625,10.5,29,111,94,https://www.espn.com/college-sports/football/recruiting/player/_/id/212055/jeremiah-hall,76,224,NA,NA,33.5,te,NA,NA
TE,Connor Heyward,233,71.125,31.875,9.5,32.5,NA,108,https://www.espn.com/college-sports/football/recruiting/player/_/id/208158/connor-heyward,72,219,NA,4.5,NA,wr,NA,NA
TE,Jelani Woods,253,79.125,34.5,9.5,NA,NA,76,https://www.espn.com/college-sports/football/recruiting/player/_/id/205344/jelani-woods,79,230,5,4.41,29.6,qb,NA,NA
OL,Ben Brown,312,77.125,34.375,10.25,NA,NA,48,https://www.espn.com/college-sports/football/recruiting/player/_/id/212961/ben-brown,77,282,5.81,4.86,25.4,og,NA,NA
OL,Dawson Deaton,306,77.5,32.875,9.625,29,108,21,https://www.espn.com/college-sports/football/recruiting/player/_/id/216597/dawson-deaton,77,297,5.5,4.9,21.4,ce,NA,NA
OL,Austin Deculus,321,77,34.375,9.25,28.5,109,62,https://www.espn.com/college-sports/football/recruiting/player/_/id/211036/austin-deculus,78,331,5.09,4.9,30.4,ot,NA,NA
OL,Obinna Eze,321,78.5,36.125,9.875,27.5,104,62,https://www.espn.com/college-sports/football/recruiting/player/_/id/218612/obinna-eze,79,279,5.22,4.6,28.8,ot,NA,NA
OL,Luke Fortner,307,76.125,33.125,10,24,102,47,https://www.espn.com/college-sports/football/recruiting/player/_/id/200590/luke-fortner,77,283,5.64,5.13,23.4,og,NA,NA
OL,Marquis Hayes,318,76.875,34.875,8.875,23.5,102,62,https://www.espn.com/college-sports/football/recruiting/player/_/id/218631/marquis-hayes,78,334,5.79,5.31,21.5,ot,NA,NA
OL,Abraham Lucas,315,78.375,33.875,10.5,NA,107,62,https://www.espn.com/college-sports/football/recruiting/player/_/id/224041/abraham-lucas,79,256,5.03,4.3,27.2,ot,NA,NA
OL,Dylan Parham,311,74.625,33.125,10.25,26.5,108,75,https://www.espn.com/college-sports/football/recruiting/player/_/id/196854/dylan-parham,77,205,4.81,4.55,30.5,qb,NA,NA
OL,Tyrese Robinson,317,74.875,33.125,9.75,22.5,100,48,https://www.espn.com/college-sports/football/recruiting/player/_/id/207992/tyrese-robinson,76,310,5.59,4.99,20,og,NA,NA
OL,Justin Shaffer,314,75.875,33.25,10,25.5,107,48,https://www.espn.com/college-sports/football/recruiting/player/_/id/210305/justin-shaffer,77,356,5.41,5.16,25.8,og,NA,NA
OL,Lecitus Smith,314,75.25,31.875,9.625,NA,99,101,https://www.espn.com/college-sports/football/recruiting/player/_/id/220617/lecitus-smith,75,253,5.25,4.8,26.3,ti,NA,NA
OL,Andrew Stueber,325,78.625,34.125,10,NA,101,62,https://www.espn.com/college-sports/football/recruiting/player/_/id/222298/andrew-stueber,79,290,5.46,4.6,25.7,ot,NA,NA
DL,Matthew Butler,297,75.875,33.5,9.25,32,112,34,https://www.espn.com/college-sports/football/recruiting/player/_/id/211644/matthew-butler,76,265,5.11,4.78,32.5,dt,NA,NA
DL,Jordan Davis,341,78.375,34,10.75,32,123,99,https://www.espn.com/college-sports/football/recruiting/player/_/id/172060/jordan-davis,77,257,NA,4.44,29.3,ti,NA,NA
DL,Kalia Davis,302,73,33.625,9.5,NA,NA,41,https://www.espn.com/college-sports/football/recruiting/player/_/id/197054/kalia-davis,74,223,NA,4.4,29.5,il,NA,NA
DL,Haskell Garrett,300,74.125,31.625,9.875,24,NA,34,https://www.espn.com/college-sports/football/recruiting/player/_/id/203906/haskell-garrett,74,298,5.13,4.41,26.7,dt,NA,NA
DL,Phidarian Mathis,310,76.25,34.625,10.375,23.5,109,34,https://www.espn.com/college-sports/football/recruiting/player/_/id/219304/phidarian-mathis,76,287,5.38,5.35,24.4,dt,NA,NA
DL,Jayden Peevy,308,77.375,35.5,10.5,27,100,34,https://www.espn.com/college-sports/football/recruiting/player/_/id/216316/jayden-peevy,78,279,NA,5.07,22.8,dt,NA,NA
DL,Tyree Johnson,248,74.5,30.875,9.75,NA,NA,27,https://www.espn.com/college-sports/football/recruiting/player/_/id/212989/tyree-johnson,76,247,4.98,4.58,33.8,dl,104.85,NA
DL,Joshua Paschal,268,74.625,32.75,9.625,37.5,123,27,https://www.espn.com/college-sports/football/recruiting/player/_/id/204749/joshua-paschal,75,253,4.75,4.3,39,dl,120.24,NA
DL,LaBryan Ray,283,76.25,32.625,8.5,NA,NA,34,https://www.espn.com/college-sports/football/recruiting/player/_/id/212259/labryan-ray,77,270,4.93,4.47,30.1,dt,NA,NA
DL,Cameron Thomas,267,76.125,32.5,10.25,NA,NA,69,https://www.espn.com/college-sports/football/recruiting/player/_/id/211535/cameron-thomas,75,181,4.58,4.26,35.1,qb,NA,NA
LB,Terrel Bernard,224,72.875,30.25,9.625,35.5,123,55,https://www.espn.com/college-sports/football/recruiting/player/_/id/212006/terrel-bernard,74,202,4.85,4.4,34.9,ol,NA,NA
LB,Aaron Hansford,239,74.25,32.375,10.125,NA,NA,6,https://www.espn.com/college-sports/football/recruiting/player/_/id/206152/aaron-hansford,75,209,4.51,4.33,32.1,at,108.48,39
LB,Drake Jackson,254,74.625,34,10.125,36.5,127,20,https://www.espn.com/college-sports/football/recruiting/player/_/id/198938/drake-jackson,74,302,5.56,4.73,24.4,ce,NA,NA
LB,Nate Landman,238,74.5,30.5,9.375,36.5,119,55,https://www.espn.com/college-sports/football/recruiting/player/_/id/220424/nate-landman,75,205,4.88,4.44,37.4,ol,NA,NA
LB,Jeremiah Moon,249,76.75,35,10.125,40.5,133,54,https://www.espn.com/college-sports/football/recruiting/player/_/id/188885/jeremiah-moon,76,210,NA,4.4,33.2,ol,NA,NA
LB,Malcolm Rodriguez,232,71,30.125,9.625,39.5,120,90,https://www.espn.com/college-sports/football/recruiting/player/_/id/221183/malcolm-rodriguez,71,180,4.87,4.41,33.7,s_,NA,NA
LB,Brandon Smith,250,75.5,34.625,10.25,37.5,128,58,https://www.espn.com/college-sports/football/recruiting/player/_/id/134001/brandon-smith,79,335,5.99,5.57,21.1,ot,NA,NA
LB,Baylon Spector,233,73.125,31.5,10,36,122,55,https://www.espn.com/college-sports/football/recruiting/player/_/id/213012/baylon-spector,74,220,4.84,4.27,36.5,ol,NA,NA
DB,Tariq Castro-Fields,197,72.625,30.75,8.75,NA,NA,14,https://www.espn.com/college-sports/football/recruiting/player/_/id/212022/tariq-castro-fields,73,177,4.71,4.19,33.5,cb,98.19,NA
DB,Jack Jones,171,70.75,30.75,8.875,NA,NA,60,https://www.espn.com/college-sports/football/recruiting/player/_/id/185293/jack-jones,76,271,5.71,4.9,21,ot,NA,NA
DB,Marcus Jones,174,68,28.875,8.875,NA,NA,8,https://www.espn.com/college-sports/football/recruiting/player/_/id/109917/marcus-jones,67,153,4.36,4.14,32.5,cb,NA,NA
DB,Marcus Jones,174,68,28.875,8.875,NA,NA,14,https://www.espn.com/college-sports/football/recruiting/player/_/id/210438/marcus-jones,68,164,4.72,4.13,34.9,cb,82.86,NA
DB,Chase Lucas,180,71.25,31.875,9.25,39,128,82,https://www.espn.com/college-sports/football/recruiting/player/_/id/178746/chase-lucas,72,170,4.65,4.3,37.1,rb,NA,NA
DB,Damarri Mathis,196,71,31.875,8.25,NA,NA,14,https://www.espn.com/college-sports/football/recruiting/player/_/id/219126/damarri-mathis,71,176,4.69,4.36,40.6,cb,106.26,NA
DB,Josh Thompson,194,70.5,30.875,9.375,NA,NA,14,https://www.espn.com/college-sports/football/recruiting/player/_/id/217165/josh-thompson,72,180,4.57,4.27,40.4,cb,107.28,NA
DB,Markquese Bell,212,74.125,32.375,9.375,36.5,123,7,https://www.espn.com/college-sports/football/recruiting/player/_/id/211263/markquese-bell,75,194,4.71,4.46,34.9,at,97.44,39
DB,Bubba Bolden,209,74.125,31.375,9,NA,116,90,https://www.espn.com/college-sports/football/recruiting/player/_/id/203987/bubba-bolden,75,188,4.57,4.46,32.2,s_,NA,NA
DB,Quentin Lake,201,73.125,31.25,9.125,NA,NA,90,https://www.espn.com/college-sports/football/recruiting/player/_/id/220008/quentin-lake,73,176,NA,4.19,34.9,s_,NA,NA
